Recording	Participant	Timeline	TOI	Interval	Media	Food_Category	AOI	Decision	Product_element	Last_key_press	Total_duration_of_fixations	Average_duration_of_fixations	Minimum_duration_of_fixations	Maximum_duration_of_fixations	Number_of_fixations	Time_to_first_fixation	Duration_of_first_fixation	Last_AOI_viewed	AOI_at_interval_end	Average_pupil_diameter	Total_duration_of_whole_fixations	Average_duration_of_whole_fixations	Minimum_duration_of_whole_fixations	Maximum_duration_of_whole_fixations	Number_of_whole_fixations	Time_to_first_whole_fixation	Duration_of_first_whole_fixation	Average_whole-fixation_pupil_diameter	Total_duration_of_Visit	Average_duration_of_Visit	Minimum_duration_of_Visit	Maximum_duration_of_Visit	Number_of_Visits	Time_to_first_Visit	Duration_of_first_Visit	Total_duration_of_Glances	Average_duration_of_Glances	Minimum_duration_of_Glances	Maximum_duration_of_Glances	Number_of_Glances	Time_to_first_Glance	Duration_of_first_Glance	Number_of_mouse_clicks	Time_to_first_mouse_click	Time_from_first_fixation_to_mouse_click	Number_of_mouse_clicks_and_releases	Time_to_first_mouse_click_and_release	Time_from_first_fixation_to_mouse_click_and_release	Number_of_saccades_in_AOI	Time_to_entry_saccade	Time_to_exit_saccade	Peak_velocity_of_entry_saccade	Character_index	Word_index	Sentence_index	AOI_string	Text_unit_type	Number_of_units	First-pass_first_fixation_duration	First-pass_duration	Selective_regression-path_duration	First-pass_regression	Total_duration_of_fixations	Regression-path_duration	Re-reading_duration
Recording1	Participant 1	Timeline1	Burger	1	Burger	Meal	I would buy	I would buy			462	231	154	308	2	8956	308	I would buy	I would buy	2.28809	308	308	308	308	1	8956	308	2.30166	470	470	470	470	1	8956	470	518	518	518	518	1	8908	518	1	9398	442	0			1	8908		266.95					Aggregated								
Recording1	Participant 1	Timeline1	Burger	1	Burger	Meal	I would not buy	I would not buy			0				0			I would buy	I would buy		0				0				0				0			0				0			0			0			0								Aggregated								
Recording1	Participant 1	Timeline1	Burger	1	Burger	Meal	Ingredients		Ingredients		1924	275	200	356	7	1276	324	I would buy	I would buy	2.33317	1924	275	200	356	7	1276	324	2.33317	2048	2048	2048	2048	1	1276	2048	2060	2060	2060	2060	1	1264	2060	0			0			6		3324						Aggregated								
Recording1	Participant 1	Timeline1	Burger	1	Burger	Meal	Nutrition Label		Nutrition Label		4864	304	76	604	16	3552	260	I would buy	I would buy	2.37479	4864	304	76	604	16	3552	260	2.37479	5356	5356	5356	5356	1	3552	5356	5452	5452	5452	5452	1	3456	5452	0			0			14	3456	8908	411.45					Aggregated								
Recording1	Participant 1	Timeline1	Burger	1	Burger	Meal	Picture		Picture		944	189	128	340	5	0	184	I would buy	I would buy	2.23146	760	190	128	340	4	232	144	2.24283	1188	1188	1188	1188	1	0	1188	1188	1188	1188	1188	1	0	1188	0			0			3								Aggregated								
Recording1	Participant 1	Timeline1	Burger	1	Burger	Meal	Price		Price		0				0			I would buy	I would buy		0				0				0				0			0				0			0			0			0								Aggregated								
Recording1	Participant 1	Timeline1	Cereals	1	Cereals	Meal	I would buy	I would buy			0				0			I would not buy	I would not buy		0				0				0				0			0				0			0			0			0								Aggregated								
Recording1	Participant 1	Timeline1	Cereals	1	Cereals	Meal	I would not buy	I would not buy			589	196	157	224	3	6395	224	I would not buy	I would not buy		432	216	208	224	2	6395	224		613	307	224	389	2	6395	224	757	379	308	449	2	6311	308	1	17272	10876	0			1	6311	6619	399.48					Aggregated								
Recording1	Participant 1	Timeline1	Cereals	1	Cereals	Meal	Ingredients		Ingredients		3272	273	80	608	12	2107	308	I would not buy	I would not buy		3272	273	80	608	12	2107	308		3620	1810	904	2716	2	2107	2716	3696	1848	924	2772	2	2051	2772	0			0			9	2051	4823	327.77					Aggregated								
Recording1	Participant 1	Timeline1	Cereals	1	Cereals	Meal	Nutrition Label		Nutrition Label		5600	311	64	708	18	5283	564	I would not buy	I would not buy		5600	311	64	708	18	5283	564		6020	2007	708	4284	3	5283	1028	6236	2079	740	4360	3	5175	1136	0			0			14	5175	6311	423.87					Aggregated								
Recording1	Participant 1	Timeline1	Cereals	1	Cereals	Meal	Picture		Picture		2751	275	72	532	10	0	175	I would not buy	I would not buy		2576	286	72	532	9	255	72		2967	989	124	2051	3	0	2051	3095	1032	184	2051	3	0	2051	0			0			7	10979	2051	269.46					Aggregated								
Recording1	Participant 1	Timeline1	Cereals	1	Cereals	Meal	Price		Price		2636	2636	2636	2636	1	11407	2636	I would not buy	I would not buy		2636	2636	2636	2636	1	11407	2636		2636	2636	2636	2636	1	11407	2636	2660	2660	2660	2660	1	11383	2660	0			0			0	11383		133.05					Aggregated								
Recording1	Participant 1	Timeline1	Chips	1	Chips	Snack	I would buy	I would buy			468	156	12	252	3	3200	252	I would buy	I would buy		456	228	204	252	2	3200	252		492	246	12	480	2	3200	480	656	328	100	556	2	3124	556	1	10687	7488	0			1	3124	3680	373.33					Aggregated								
Recording1	Participant 1	Timeline1	Chips	1	Chips	Snack	I would not buy	I would not buy			0				0			I would buy	I would buy		0				0				0				0			0				0			0			0			0								Aggregated								
Recording1	Participant 1	Timeline1	Chips	1	Chips	Snack	Ingredients		Ingredients		2460	273	168	544	9	2040	320	I would buy	I would buy		2460	273	168	544	9	2040	320		2612	1306	1084	1528	2	2040	1084	2768	1384	1156	1612	2	1968	1156	0			0			7	1968	3124	303.64					Aggregated								
Recording1	Participant 1	Timeline1	Chips	1	Chips	Snack	Nutrition Label		Nutrition Label		4928	329	100	864	15	3744	208	I would buy	I would buy		4928	329	100	864	15	3744	208		5272	5272	5272	5272	1	3744	5272	5336	5336	5336	5336	1	3680	5336	0			0			14	3680	9016	408.54					Aggregated								
Recording1	Participant 1	Timeline1	Chips	1	Chips	Snack	Picture		Picture		1580	263	112	480	6	0	236	I would buy	I would buy		1344	269	112	480	5	288	112		1968	1968	1968	1968	1	0	1968	1968	1968	1968	1968	1	0	1968	0			0			3		1968						Aggregated								
Recording1	Participant 1	Timeline1	Chips	1	Chips	Snack	Price		Price		0				0			I would buy	I would buy		0				0				0				0			0				0			0			0			0								Aggregated								
Recording1	Participant 1	Timeline1	Chocolate bar	1	Chocolate bar	Snack	I would buy	I would buy			675	225	164	260	3	13250	164	I would buy	I would buy		424	212	164	260	2	13250	164		731	731	731	731	1	13250	731	827	827	827	827	1	13154	827	1	13940	690	0			2	13154		303.53					Aggregated								
Recording1	Participant 1	Timeline1	Chocolate bar	1	Chocolate bar	Snack	I would not buy	I would not buy			0				0			I would buy	I would buy		0				0				0				0			0				0			0			0			0								Aggregated								
Recording1	Participant 1	Timeline1	Chocolate bar	1	Chocolate bar	Snack	Ingredients		Ingredients		6488	282	104	588	23	790	564	I would buy	I would buy		6176	281	104	588	22	790	564		7160	2387	328	5548	3	790	5548	7372	2457	392	5620	3	718	5620	0			0			19	718	6338	356.43					Aggregated								
Recording1	Participant 1	Timeline1	Chocolate bar	1	Chocolate bar	Snack	Nutrition Label		Nutrition Label		2684	298	104	820	9	7082	240	I would buy	I would buy		2684	298	104	820	9	7082	240		2876	2876	2876	2876	1	7082	2876	2944	2944	2944	2944	1	7014	2944	0			0			8	7014	9958	286.85					Aggregated								
Recording1	Participant 1	Timeline1	Chocolate bar	1	Chocolate bar	Snack	Picture		Picture		2338	213	72	424	11	0	170	I would buy	I would buy		2168	217	72	424	10	202	168		2638	660	188	1128	4	0	718	2838	710	248	1196	4	0	718	0			0			6	6338	718	248.93					Aggregated								
Recording1	Participant 1	Timeline1	Chocolate bar	1	Chocolate bar	Snack	Price		Price		0				0			I would buy	I would buy		0				0				0				0			0				0			0			0			0								Aggregated								
Recording1	Participant 1	Timeline1	Chocolate cookies	1	Chocolate cookies	Dessert	I would buy	I would buy			316	316	316	316	1	16213	316	Price	Price		316	316	316	316	1	16213	316		316	316	316	316	1	16213	316	368	368	368	368	1	16161	368	1	20051	3838	0			0	16161		304.66					Aggregated								
Recording1	Participant 1	Timeline1	Chocolate cookies	1	Chocolate cookies	Dessert	I would not buy	I would not buy			480	240	192	288	2	15661	192	Price	Price		480	240	192	288	2	15661	192		500	500	500	500	1	15661	500	588	588	588	588	1	15573	588	0			0			1	15573	16161	315.81					Aggregated								
Recording1	Participant 1	Timeline1	Chocolate cookies	1	Chocolate cookies	Dessert	Ingredients		Ingredients		7248	315	168	540	23	3352	264	Price	Price		7248	315	168	540	23	3352	264		7820	7820	7820	7820	1	3352	7820	7888	7888	7888	7888	1	3284	7888	0			0			21	3284	11173	281.21					Aggregated								
Recording1	Participant 1	Timeline1	Chocolate cookies	1	Chocolate cookies	Dessert	Nutrition Label		Nutrition Label		3444	492	260	928	7	11297	388	Price	Price		3444	492	260	928	7	11297	388		3552	1776	260	3292	2	11297	3292	3720	1860	304	3416	2	11173	3416	0			0			5	11173	14589	473.82					Aggregated								
Recording1	Participant 1	Timeline1	Chocolate cookies	1	Chocolate cookies	Dessert	Picture		Picture		5153	344	92	1360	15	0	632	Price	Price		4520	323	92	1360	14	636	1360		5521	1840	460	3284	3	0	3284	5649	1883	528	3284	3	0	3284	0			0			12	14589	3284	277.09					Aggregated								
Recording1	Participant 1	Timeline1	Chocolate cookies	1	Chocolate cookies	Dessert	Price		Price		914	228	176	338	4	16733	200	Price	Price		576	192	176	200	3	16733	200		954	477	420	534	2	16733	420	1066	533	464	602	2	16689	464	0			0			2	19485	17153	317.97					Aggregated								
Recording1	Participant 1	Timeline1	Ice cream	1	Ice cream	Dessert	I would buy	I would buy			0				0			Picture	Picture		0				0				0				0			0				0			1	12482		0			0								Aggregated								
Recording1	Participant 1	Timeline1	Ice cream	1	Ice cream	Dessert	I would not buy	I would not buy			0				0			Picture	Picture		0				0				0				0			0				0			0			0			0								Aggregated								
Recording1	Participant 1	Timeline1	Ice cream	1	Ice cream	Dessert	Ingredients		Ingredients		4708	277	168	608	17	1053	252	Picture	Picture		4708	277	168	608	17	1053	252		5248	5248	5248	5248	1	1053	5248	5324	5324	5324	5324	1	977	5324	0			0			14	977	6301	335.24					Aggregated								
Recording1	Participant 1	Timeline1	Ice cream	1	Ice cream	Dessert	Nutrition Label		Nutrition Label		3428	245	100	472	14	353	232	Picture	Picture		3428	245	100	472	14	353	232		4076	2038	232	3844	2	353	232	4256	2128	308	3948	2	277	308	0			0			10	277	585	236.88					Aggregated								
Recording1	Participant 1	Timeline1	Ice cream	1	Ice cream	Dessert	Picture		Picture		2504	250	32	836	10	0	277	Picture	Picture		2196	275	120	836	8	645	128		2820	940	277	2212	3	0	277	2932	977	277	2264	3	0	277	0			0			5	585	277	350.89					Aggregated								
Recording1	Participant 1	Timeline1	Ice cream	1	Ice cream	Dessert	Price		Price		0				0			Picture	Picture		0				0				0				0			0				0			0			0			0								Aggregated								
Recording1	Participant 1	Timeline1	Oat cookies	1	Oat cookies	Dessert	I would buy	I would buy			280	280	280	280	1	11346	280	Nutrition Label	Nutrition Label		280	280	280	280	1	11346	280		280	280	280	280	1	11346	280	332	332	332	332	1	11294	332	1	12264	918	0			0	11294	11626	230.44					Aggregated								
Recording1	Participant 1	Timeline1	Oat cookies	1	Oat cookies	Dessert	I would not buy	I would not buy			0				0			Nutrition Label	Nutrition Label		0				0				0				0			0				0			0			0			0								Aggregated								
Recording1	Participant 1	Timeline1	Oat cookies	1	Oat cookies	Dessert	Ingredients		Ingredients		5004	385	152	868	13	3038	464	Nutrition Label	Nutrition Label		5004	385	152	868	13	3038	464		5404	5404	5404	5404	1	3038	5404	5472	5472	5472	5472	1	2970	5472	0			0			10		8442						Aggregated								
Recording1	Participant 1	Timeline1	Oat cookies	1	Oat cookies	Dessert	Nutrition Label		Nutrition Label		1946	389	236	684	5	9162	312	Nutrition Label	Nutrition Label		1596	399	236	684	4	9162	312		2046	1023	610	1436	2	9162	1436	2202	1101	670	1532	2	9066	1532	0			0			3	9066	10598	281.15					Aggregated								
Recording1	Participant 1	Timeline1	Oat cookies	1	Oat cookies	Dessert	Picture		Picture		2990	249	64	660	12	0	222	Nutrition Label	Nutrition Label		2768	252	64	660	11	686	496		3338	834	222	2220	4	0	222	3514	878	222	2236	4	0	222	0			0			6	8706	222	245.95					Aggregated								
Recording1	Participant 1	Timeline1	Oat cookies	1	Oat cookies	Dessert	Price		Price		0				0			Nutrition Label	Nutrition Label		0				0				0				0			0				0			0			0			0								Aggregated								
Recording1	Participant 1	Timeline1	Pistachios	1	Pistachios	Snack	I would buy	I would buy			864	216	180	260	4	10184	216	I would not buy			864	216	180	260	4	10184	216		916	458	408	508	2	10184	508	1036	518	476	560	2	10132	560	1	14474	4290	0			2	10132	10692	223.83					Aggregated								
Recording1	Participant 1	Timeline1	Pistachios	1	Pistachios	Snack	I would not buy	I would not buy			396	396	396	396	1	13888	396	I would not buy			396	396	396	396	1	13888	396		396	396	396	396	1	13888	396	452	452	452	452	1	13832	452	0			0			0	13832		357.48					Aggregated								
Recording1	Participant 1	Timeline1	Pistachios	1	Pistachios	Snack	Ingredients		Ingredients		2276	285	112	380	8	3172	160	I would not buy			2276	285	112	380	8	3172	160		2364	591	368	884	4	3172	460	2508	627	404	912	4	3160	472	0			0			4	3160	3632	35.02					Aggregated								
Recording1	Participant 1	Timeline1	Pistachios	1	Pistachios	Snack	Nutrition Label		Nutrition Label		4720	315	144	536	15	4792	344	I would not buy			4720	315	144	536	15	4792	344		5340	5340	5340	5340	1	4792	5340	5448	5448	5448	5448	1	4684	5448	0			0			12	4684	10132	449.86					Aggregated								
Recording1	Participant 1	Timeline1	Pistachios	1	Pistachios	Snack	Picture		Picture		3168	352	196	556	9	0	556	I would not buy			2612	327	196	428	8	600	384		3360	1120	196	2888	3	0	2888	3488	1163	268	2888	3	0	2888	0			0			6	10692	2888	318.45					Aggregated								
Recording1	Participant 1	Timeline1	Pistachios	1	Pistachios	Snack	Price		Price		712	178	60	260	4	3668	200	I would not buy			712	178	60	260	4	3668	200		732	244	200	272	3	3668	200	824	275	236	296	3	3632	236	0			0			1	3632	3868	88.12					Aggregated								
Recording1	Participant 1	Timeline1	Pizza	1	Pizza	Meal	I would buy	I would buy			208	208	208	208	1	24710	208	Ingredients	Ingredients		208	208	208	208	1	24710	208		208	208	208	208	1	24710	208	256	256	256	256	1	24662	256	1	25422	712	0			0	24662	24918	286.24					Aggregated								
Recording1	Participant 1	Timeline1	Pizza	1	Pizza	Meal	I would not buy	I would not buy			164	164	164	164	1	24498	164	Ingredients	Ingredients		164	164	164	164	1	24498	164		164	164	164	164	1	24498	164	200	200	200	200	1	24462	200	0			0			0	24462	24662	171.09					Aggregated								
Recording1	Participant 1	Timeline1	Pizza	1	Pizza	Meal	Ingredients		Ingredients		14421	288	112	668	50	5110	244	Ingredients	Ingredients		14268	291	112	668	49	5110	244		15973	5324	417	14672	3	5110	14672	16189	5396	541	14740	3	5042	14740	0			0			43	5042	19782	332.09					Aggregated								
Recording1	Participant 1	Timeline1	Pizza	1	Pizza	Meal	Nutrition Label		Nutrition Label		1996	200	100	352	10	714	212	Ingredients	Ingredients		1996	200	100	352	10	714	212		2336	1168	564	1772	2	714	564	2468	1234	628	1840	2	650	628	0			0			7	650	1278	316.35					Aggregated								
Recording1	Participant 1	Timeline1	Pizza	1	Pizza	Meal	Picture		Picture		5670	515	88	2208	11	0	238	Ingredients	Ingredients		5432	543	88	2208	10	298	88		5874	1958	650	3704	3	0	650	6026	2009	650	3764	3	0	650	0			0			8	1278	650	330.11					Aggregated								
Recording1	Participant 1	Timeline1	Pizza	1	Pizza	Meal	Price		Price		0				0			Ingredients	Ingredients		0				0				0				0			0				0			0			0			0								Aggregated								
Recording1	Participant 1	Timeline1	Soup	1	Soup	Meal	I would buy	I would buy			444	222	196	248	2	24817	196	I would not buy			444	222	196	248	2	24817	196		468	468	468	468	1	24817	468	532	532	532	532	1	24753	532	0			0			1	24753	25285	331.11					Aggregated								
Recording1	Participant 1	Timeline1	Soup	1	Soup	Meal	I would not buy	I would not buy			504	252	240	264	2	27441	264	I would not buy			504	252	240	264	2	27441	264		532	532	532	532	1	27441	532	536	536	536	536	1	27437	536	1	27975	533	0			1								Aggregated								
Recording1	Participant 1	Timeline1	Soup	1	Soup	Meal	Ingredients		Ingredients		17808	330	68	1736	54	1401	348	I would not buy			17808	330	68	1736	54	1401	348		19704	9852	744	18960	2	1401	18960	19852	9926	824	19028	2	1333	19028	0			0			46	1333	20361	315.68					Aggregated								
Recording1	Participant 1	Timeline1	Soup	1	Soup	Meal	Nutrition Label		Nutrition Label		3072	279	140	604	11	20457	228	I would not buy			3072	279	140	604	11	20457	228		3332	1666	1548	1784	2	20457	1548	3532	1766	1644	1888	2	20361	1644	0			0			9	20361	22005	402.84					Aggregated								
Recording1	Participant 1	Timeline1	Soup	1	Soup	Meal	Picture		Picture		2001	200	68	444	10	0	153	I would not buy			1848	205	68	444	9	185	152		2213	738	400	1333	3	0	1333	2337	779	468	1333	3	0	1333	0			0			7	25285	1333	277.33					Aggregated								
Recording1	Participant 1	Timeline1	Soup	1	Soup	Meal	Price		Price		520	173	128	216	3	22549	176	I would not buy			520	173	128	216	3	22549	176		532	266	216	316	2	22549	316	600	300	264	336	2	22529	336	0			0			1	26645	22865	87.96					Aggregated								
Recording1	Participant 1	Timeline1	Vegan ice cream	1	Vegan ice cream	Dessert	I would buy	I would buy			404	202	188	216	2	11905	216	Picture			404	202	188	216	2	11905	216		424	424	424	424	1	11905	424	544	544	544	544	1	11785	544	1	12585	680	0			1	11785	12329	405.95					Aggregated								
Recording1	Participant 1	Timeline1	Vegan ice cream	1	Vegan ice cream	Dessert	I would not buy	I would not buy			0				0			Picture			0				0				0				0			0				0			0			0			0								Aggregated								
Recording1	Participant 1	Timeline1	Vegan ice cream	1	Vegan ice cream	Dessert	Ingredients		Ingredients		2644	378	112	828	7	1761	828	Picture			2644	378	112	828	7	1761	828		2792	2792	2792	2792	1	1761	2792	2860	2860	2860	2860	1	1693	2860	0			0			6	1693	4553	287.36					Aggregated								
Recording1	Participant 1	Timeline1	Vegan ice cream	1	Vegan ice cream	Dessert	Nutrition Label		Nutrition Label		5580	254	72	720	22	4661	240	Picture			5580	254	72	720	22	4661	240		6264	6264	6264	6264	1	4661	6264	6372	6372	6372	6372	1	4553	6372	0			0			21	4553		433.09					Aggregated								
Recording1	Participant 1	Timeline1	Vegan ice cream	1	Vegan ice cream	Dessert	Picture		Picture		1637	234	124	512	7	0	209	Picture			1428	238	124	512	6	253	140		1889	945	196	1693	2	0	1693	1949	975	256	1693	2	0	1693	0			0			4	12329	1693	319.97					Aggregated								
Recording1	Participant 1	Timeline1	Vegan ice cream	1	Vegan ice cream	Dessert	Price		Price		0				0			Picture			0				0				0				0			0				0			0			0			0								Aggregated								
Recording1	Participant 1	Timeline1	Veggie crisps	1	Veggie crisps	Snack	I would buy	I would buy			752	188	100	240	4	12199	240	Price	Price		752	188	100	240	4	12199	240		840	840	840	840	1	12199	840	896	896	896	896	1	12143	896	1	18688	6489	0			3	12143		312.16					Aggregated								
Recording1	Participant 1	Timeline1	Veggie crisps	1	Veggie crisps	Snack	I would not buy	I would not buy			0				0			Price	Price		0				0				0				0			0				0			0			0			0								Aggregated								
Recording1	Participant 1	Timeline1	Veggie crisps	1	Veggie crisps	Snack	Ingredients		Ingredients		6816	359	84	1388	19	3543	188	Price	Price		6816	359	84	1388	19	3543	188		7320	2440	484	5336	3	3543	1500	7492	2497	520	5408	3	3479	1564	0			0			14	3479	5043	322.19					Aggregated								
Recording1	Participant 1	Timeline1	Veggie crisps	1	Veggie crisps	Snack	Nutrition Label		Nutrition Label		3616	329	160	712	11	6503	160	Price	Price		3616	329	160	712	11	6503	160		3968	3968	3968	3968	1	6503	3968	4080	4080	4080	4080	1	6391	4080	0			0			9	6391	10471	354.43					Aggregated								
Recording1	Participant 1	Timeline1	Veggie crisps	1	Veggie crisps	Snack	Picture		Picture		4723	363	120	1204	13	0	491	Price	Price		4232	353	120	1204	12	523	836		5083	2542	1604	3479	2	0	3479	5151	2576	1672	3479	2	0	3479	0			0			11	10471	3479	366.25					Aggregated								
Recording1	Participant 1	Timeline1	Veggie crisps	1	Veggie crisps	Snack	Price		Price		711	356	115	596	2	5795	596	Price	Price		596	596	596	596	1	5795	596		711	356	115	596	2	5795	596	747	374	135	612	2	5779	612	0			0			0	5779	6391	60.75					Aggregated								
Recording2	Participant 2	Timeline1	Burger	1	Burger	Meal	I would buy	I would buy			0				0			Picture			0				0				0				0			0				0			0			0			0								Aggregated								
Recording2	Participant 2	Timeline1	Burger	1	Burger	Meal	I would not buy	I would not buy			792	396	224	568	2	1525	224	Picture		3.02014	792	396	224	568	2	1525	224	3.02014	808	808	808	808	1	1525	808	872	872	872	872	1	1461	872	1	2555	1030	0			1	1461	2333	322.93					Aggregated								
Recording2	Participant 2	Timeline1	Burger	1	Burger	Meal	Ingredients		Ingredients		0				0			Picture			0				0				0				0			0				0			0			0			0								Aggregated								
Recording2	Participant 2	Timeline1	Burger	1	Burger	Meal	Nutrition Label		Nutrition Label		0				0			Picture			0				0				0				0			0				0			0			0			0								Aggregated								
Recording2	Participant 2	Timeline1	Burger	1	Burger	Meal	Picture		Picture		765	191	128	260	4	0	205	Picture		3.09703	560	187	128	260	3	253	128	3.04099	813	271	172	381	3	0	381	925	308	240	381	3	0	381	0			0			1	1157	381	190.46					Aggregated								
Recording2	Participant 2	Timeline1	Burger	1	Burger	Meal	Price		Price		0				0			Picture			0				0				0				0			0				0			0			0			0								Aggregated								
Recording2	Participant 2	Timeline1	Cereals	1	Cereals	Meal	I would buy	I would buy			1083	541	268	815	2	12415	268	I would buy	I would buy		268	268	268	268	1	12415	268		1115	1115	1115	1115	1	12415	1115	1159	1159	1159	1159	1	12371	1159	1	13505	1090	0			1	12371		223.17					Aggregated								
Recording2	Participant 2	Timeline1	Cereals	1	Cereals	Meal	I would not buy	I would not buy			0				0			I would buy	I would buy		0				0				0				0			0				0			0			0			0								Aggregated								
Recording2	Participant 2	Timeline1	Cereals	1	Cereals	Meal	Ingredients		Ingredients		3652	304	116	748	12	1591	380	I would buy	I would buy		3652	304	116	748	12	1591	380		3876	3876	3876	3876	1	1591	3876	3944	3944	3944	3944	1	1523	3944	0			0			11	1523	5467	215.13					Aggregated								
Recording2	Participant 2	Timeline1	Cereals	1	Cereals	Meal	Nutrition Label		Nutrition Label		6408	401	68	1188	16	5567	188	I would buy	I would buy		6408	401	68	1188	16	5567	188		6804	6804	6804	6804	1	5567	6804	6904	6904	6904	6904	1	5467	6904	0			0			15	5467	12371	375.06					Aggregated								
Recording2	Participant 2	Timeline1	Cereals	1	Cereals	Meal	Picture		Picture		583	194	124	279	3	0	279	I would buy	I would buy		304	152	124	180	2	311	124		615	308	180	435	2	0	435	655	328	220	435	2	0	435	0			0			1	1303	435	157.65					Aggregated								
Recording2	Participant 2	Timeline1	Cereals	1	Cereals	Meal	Price		Price		0				0			I would buy	I would buy		0				0				0				0			0				0			0			0			0								Aggregated								
Recording2	Participant 2	Timeline1	Chips	1	Chips	Snack	I would buy	I would buy			0				0			I would not buy			0				0				0				0			0				0			0			0			0								Aggregated								
Recording2	Participant 2	Timeline1	Chips	1	Chips	Snack	I would not buy	I would not buy			424	212	192	232	2	3542	232	I would not buy			424	212	192	232	2	3542	232		444	444	444	444	1	3542	444	528	528	528	528	1	3458	528	1	4003	461	0			1	3458		362.8					Aggregated								
Recording2	Participant 2	Timeline1	Chips	1	Chips	Snack	Ingredients		Ingredients		972	324	204	548	3	1318	220	I would not buy			972	324	204	548	3	1318	220		1036	1036	1036	1036	1	1318	1036	1104	1104	1104	1104	1	1250	1104	0			0			2	1250	2354	201.44					Aggregated								
Recording2	Participant 2	Timeline1	Chips	1	Chips	Snack	Nutrition Label		Nutrition Label		940	313	152	512	3	2458	152	I would not buy			940	313	152	512	3	2458	152		1000	1000	1000	1000	1	2458	1000	1104	1104	1104	1104	1	2354	1104	0			0			2	2354	3458	361.02					Aggregated								
Recording2	Participant 2	Timeline1	Chips	1	Chips	Snack	Picture		Picture		654	218	112	368	3	0	174	I would not buy			480	240	112	368	2	202	112		682	341	314	368	2	0	314	730	365	314	416	2	0	314	0			0			1	834	314	210.73					Aggregated								
Recording2	Participant 2	Timeline1	Chips	1	Chips	Snack	Price		Price		0				0			I would not buy			0				0				0				0			0				0			0			0			0								Aggregated								
Recording2	Participant 2	Timeline1	Chocolate bar	1	Chocolate bar	Snack	I would buy	I would buy			156	156	156	156	1	7818	156	I would not buy			156	156	156	156	1	7818	156		156	156	156	156	1	7818	156	204	204	204	204	1	7770	204	0			0			0	7770	7974	317.17					Aggregated								
Recording2	Participant 2	Timeline1	Chocolate bar	1	Chocolate bar	Snack	I would not buy	I would not buy			824	275	156	508	3	7614	156	I would not buy			824	275	156	508	3	7614	156		856	428	156	700	2	7614	156	956	478	212	744	2	7558	212	1	8708	1094	0			1	7558	7770	370.09					Aggregated								
Recording2	Participant 2	Timeline1	Chocolate bar	1	Chocolate bar	Snack	Ingredients		Ingredients		3248	271	100	508	12	1498	244	I would not buy			3248	271	100	508	12	1498	244		3496	1748	244	3252	2	1498	244	3664	1832	308	3356	2	1434	308	0			0			10	1434	1742	209.3					Aggregated								
Recording2	Participant 2	Timeline1	Chocolate bar	1	Chocolate bar	Snack	Nutrition Label		Nutrition Label		2216	317	148	748	7	1830	148	I would not buy			2216	317	148	748	7	1830	148		2372	2372	2372	2372	1	1830	2372	2460	2460	2460	2460	1	1742	2460	0			0			6	1742	4202	389.65					Aggregated								
Recording2	Participant 2	Timeline1	Chocolate bar	1	Chocolate bar	Snack	Picture		Picture		538	269	202	336	2	0	202	I would not buy			336	336	336	336	1	1098	336		538	269	202	336	2	0	202	582	291	202	380	2	0	202	0			0			0	1054	202	189.84					Aggregated								
Recording2	Participant 2	Timeline1	Chocolate bar	1	Chocolate bar	Snack	Price		Price		0				0			I would not buy			0				0				0				0			0				0			0			0			0								Aggregated								
Recording2	Participant 2	Timeline1	Chocolate cookies	1	Chocolate cookies	Dessert	I would buy	I would buy			0				0			Picture	Picture		0				0				0				0			0				0			0			0			0								Aggregated								
Recording2	Participant 2	Timeline1	Chocolate cookies	1	Chocolate cookies	Dessert	I would not buy	I would not buy			360	180	152	208	2	3336	152	Picture	Picture		360	180	152	208	2	3336	152		384	384	384	384	1	3336	384	444	444	444	444	1	3276	444	1	3780	445	0			1	3276	3720	335.55					Aggregated								
Recording2	Participant 2	Timeline1	Chocolate cookies	1	Chocolate cookies	Dessert	Ingredients		Ingredients		568	189	76	280	3	2664	280	Picture	Picture		568	189	76	280	3	2664	280		612	612	612	612	1	2664	612	668	668	668	668	1	2608	668	0			0			2	2608	3276	242.27					Aggregated								
Recording2	Participant 2	Timeline1	Chocolate cookies	1	Chocolate cookies	Dessert	Nutrition Label		Nutrition Label		0				0			Picture	Picture		0				0				0				0			0				0			0			0			0								Aggregated								
Recording2	Participant 2	Timeline1	Chocolate cookies	1	Chocolate cookies	Dessert	Picture		Picture		1612	230	16	348	7	220	116	Picture	Picture		1596	266	116	348	6	220	116		1736	579	16	1228	3	220	492	1864	621	84	1272	3	204	508	0			0			4	1336	712	203.92					Aggregated								
Recording2	Participant 2	Timeline1	Chocolate cookies	1	Chocolate cookies	Dessert	Price		Price		0				0			Picture	Picture		0				0				0				0			0				0			0			0			0								Aggregated								
Recording2	Participant 2	Timeline1	Ice cream	1	Ice cream	Dessert	I would buy	I would buy			0				0			I would not buy			0				0				0				0			0				0			0			0			0								Aggregated								
Recording2	Participant 2	Timeline1	Ice cream	1	Ice cream	Dessert	I would not buy	I would not buy			656	219	172	252	3	4368	232	I would not buy			656	219	172	252	3	4368	232		704	704	704	704	1	4368	704	788	788	788	788	1	4284	788	1	5078	709	0			2	4284		410.12					Aggregated								
Recording2	Participant 2	Timeline1	Ice cream	1	Ice cream	Dessert	Ingredients		Ingredients		0				0			I would not buy			0				0				0				0			0				0			0			0			0								Aggregated								
Recording2	Participant 2	Timeline1	Ice cream	1	Ice cream	Dessert	Nutrition Label		Nutrition Label		2844	356	132	684	8	1256	164	I would not buy			2844	356	132	684	8	1256	164		3028	3028	3028	3028	1	1256	3028	3088	3088	3088	3088	1	1196	3088	0			0			7	1196	4284	331.46					Aggregated								
Recording2	Participant 2	Timeline1	Ice cream	1	Ice cream	Dessert	Picture		Picture		572	286	252	320	2	0	320	I would not buy			252	252	252	252	1	944	252		572	286	252	320	2	0	320	616	308	296	320	2	0	320	0			0			0	900	320	191.66					Aggregated								
Recording2	Participant 2	Timeline1	Ice cream	1	Ice cream	Dessert	Price		Price		0				0			I would not buy			0				0				0				0			0				0			0			0			0								Aggregated								
Recording2	Participant 2	Timeline1	Oat cookies	1	Oat cookies	Dessert	I would buy	I would buy			596	199	156	244	3	8172	156	Nutrition Label	Nutrition Label		596	199	156	244	3	8172	156		640	640	640	640	1	8172	640	700	700	700	700	1	8112	700	1	9294	1122	0			2	8112	8812	274.2					Aggregated								
Recording2	Participant 2	Timeline1	Oat cookies	1	Oat cookies	Dessert	I would not buy	I would not buy			0				0			Nutrition Label	Nutrition Label		0				0				0				0			0				0			0			0			0								Aggregated								
Recording2	Participant 2	Timeline1	Oat cookies	1	Oat cookies	Dessert	Ingredients		Ingredients		2528	316	204	552	8	1596	204	Nutrition Label	Nutrition Label		2528	316	204	552	8	1596	204		2688	2688	2688	2688	1	1596	2688	2756	2756	2756	2756	1	1528	2756	0			0			7	1528	4284	223.78					Aggregated								
Recording2	Participant 2	Timeline1	Oat cookies	1	Oat cookies	Dessert	Nutrition Label		Nutrition Label		3914	280	132	512	14	4380	132	Nutrition Label	Nutrition Label		3656	281	132	512	13	4380	132		4194	2097	462	3732	2	4380	3732	4342	2171	514	3828	2	4284	3828	0			0			12	4284	8112	392.06					Aggregated								
Recording2	Participant 2	Timeline1	Oat cookies	1	Oat cookies	Dessert	Picture		Picture		584	292	240	344	2	0	240	Nutrition Label	Nutrition Label		344	344	344	344	1	1184	344		584	292	240	344	2	0	240	628	314	240	388	2	0	240	0			0			0	1140	1528	156.12					Aggregated								
Recording2	Participant 2	Timeline1	Oat cookies	1	Oat cookies	Dessert	Price		Price		0				0			Nutrition Label	Nutrition Label		0				0				0				0			0				0			0			0			0								Aggregated								
Recording2	Participant 2	Timeline1	Pistachios	1	Pistachios	Snack	I would buy	I would buy			808	269	112	464	3	2086	464	Picture			808	269	112	464	3	2086	464		860	860	860	860	1	2086	860	908	908	908	908	1	2038	908	1	3503	1417	0			2	2038	2946	305.08					Aggregated								
Recording2	Participant 2	Timeline1	Pistachios	1	Pistachios	Snack	I would not buy	I would not buy			268	134	108	160	2	1746	160	Picture			268	134	108	160	2	1746	160		292	292	292	292	1	1746	292	356	356	356	356	1	1682	356	0			0			1	1682	2038	293.56					Aggregated								
Recording2	Participant 2	Timeline1	Pistachios	1	Pistachios	Snack	Ingredients		Ingredients		0				0			Picture			0				0				0				0			0				0			0			0			0								Aggregated								
Recording2	Participant 2	Timeline1	Pistachios	1	Pistachios	Snack	Nutrition Label		Nutrition Label		0				0			Picture			0				0				0				0			0				0			0			0			0								Aggregated								
Recording2	Participant 2	Timeline1	Pistachios	1	Pistachios	Snack	Picture		Picture		1270	254	112	632	5	0	202	Picture			1068	267	112	632	4	242	112		1334	445	348	632	3	0	354	1498	499	354	680	3	0	354	0			0			2	1002	354	195.01					Aggregated								
Recording2	Participant 2	Timeline1	Pistachios	1	Pistachios	Snack	Price		Price		0				0			Picture			0				0				0				0			0				0			0			0			0								Aggregated								
Recording2	Participant 2	Timeline1	Pizza	1	Pizza	Meal	I would buy	I would buy			0				0			I would not buy	I would not buy		0				0				0				0			0				0			0			0			0								Aggregated								
Recording2	Participant 2	Timeline1	Pizza	1	Pizza	Meal	I would not buy	I would not buy			1280	256	76	396	5	6486	192	I would not buy	I would not buy		1204	301	192	396	4	6486	192		1372	1372	1372	1372	1	6486	1372	1440	1440	1440	1440	1	6418	1440	1	7820	1334	0			4	6418		335.04					Aggregated								
Recording2	Participant 2	Timeline1	Pizza	1	Pizza	Meal	Ingredients		Ingredients		3652	304	128	716	12	2570	396	I would not buy	I would not buy		3652	304	128	716	12	2570	396		3848	3848	3848	3848	1	2570	3848	3928	3928	3928	3928	1	2490	3928	0			0			11	2490	6418	237.73					Aggregated								
Recording2	Participant 2	Timeline1	Pizza	1	Pizza	Meal	Nutrition Label		Nutrition Label		0				0			I would not buy	I would not buy		0				0				0				0			0				0			0			0			0								Aggregated								
Recording2	Participant 2	Timeline1	Pizza	1	Pizza	Meal	Picture		Picture		1508	302	96	512	5	62	244	I would not buy	I would not buy		1508	302	96	512	5	62	244		1624	812	404	1220	2	62	404	1676	838	416	1260	2	50	416	0			0			3	1230	466	194.84					Aggregated								
Recording2	Participant 2	Timeline1	Pizza	1	Pizza	Meal	Price		Price		0				0			I would not buy	I would not buy		0				0				0				0			0				0			0			0			0								Aggregated								
Recording2	Participant 2	Timeline1	Soup	1	Soup	Meal	I would buy	I would buy			4509	564	61	1972	8	15510	228	I would buy	I would buy		4448	635	228	1972	7	15510	228		4653	2327	1997	2656	2	15510	2656	4749	2375	2045	2704	2	15462	2704	1	21061	5550	0			6	15462	18167	313.68					Aggregated								
Recording2	Participant 2	Timeline1	Soup	1	Soup	Meal	I would not buy	I would not buy			764	255	172	340	3	18231	252	I would buy	I would buy		764	255	172	340	3	18231	252		812	812	812	812	1	18231	812	876	876	876	876	1	18167	876	0			0			2	18167	19043	271.84					Aggregated								
Recording2	Participant 2	Timeline1	Soup	1	Soup	Meal	Ingredients		Ingredients		7400	308	156	576	24	2022	164	I would buy	I would buy		7400	308	156	576	24	2022	164		7888	3944	164	7724	2	2022	164	7972	3986	232	7740	2	1954	232	0			0			22	1954	2186	230.59					Aggregated								
Recording2	Participant 2	Timeline1	Soup	1	Soup	Meal	Nutrition Label		Nutrition Label		4968	452	208	1468	11	10198	260	I would buy	I would buy		4968	452	208	1468	11	10198	260		5264	5264	5264	5264	1	10198	5264	5392	5392	5392	5392	1	10070	5392	0			0			9	10070	15462	364.05					Aggregated								
Recording2	Participant 2	Timeline1	Soup	1	Soup	Meal	Picture		Picture		1014	203	128	310	5	0	310	I would buy	I would buy		704	176	128	264	4	330	264		1074	537	328	746	2	0	746	1122	561	376	746	2	0	746	0			0			3	1578	746	198.41					Aggregated								
Recording2	Participant 2	Timeline1	Soup	1	Soup	Meal	Price		Price		0				0			I would buy	I would buy		0				0				0				0			0				0			0			0			0								Aggregated								
Recording2	Participant 2	Timeline1	Vegan ice cream	1	Vegan ice cream	Dessert	I would buy	I would buy			454	454	454	454	1	2565	454	I would buy	I would buy		0				0				454	454	454	454	1	2565	454	554	554	554	554	1	2465	554	1	2991	425	0			0	2465		438.35					Aggregated								
Recording2	Participant 2	Timeline1	Vegan ice cream	1	Vegan ice cream	Dessert	I would not buy	I would not buy			0				0			I would buy	I would buy		0				0				0				0			0				0			0			0			0								Aggregated								
Recording2	Participant 2	Timeline1	Vegan ice cream	1	Vegan ice cream	Dessert	Ingredients		Ingredients		0				0			I would buy	I would buy		0				0				0				0			0				0			0			0			0								Aggregated								
Recording2	Participant 2	Timeline1	Vegan ice cream	1	Vegan ice cream	Dessert	Nutrition Label		Nutrition Label		0				0			I would buy	I would buy		0				0				0				0			0				0			0			0			0								Aggregated								
Recording2	Participant 2	Timeline1	Vegan ice cream	1	Vegan ice cream	Dessert	Picture		Picture		1049	262	120	544	4	0	213	I would buy	I would buy		836	279	120	544	3	245	172		1129	565	544	585	2	0	585	1169	585	584	585	2	0	585	0			0			2	1881	585	210.47					Aggregated								
Recording2	Participant 2	Timeline1	Vegan ice cream	1	Vegan ice cream	Dessert	Price		Price		0				0			I would buy	I would buy		0				0				0				0			0				0			0			0			0								Aggregated								
Recording2	Participant 2	Timeline1	Veggie crisps	1	Veggie crisps	Snack	I would buy	I would buy			96	96	96	96	1	5455	96	Picture	Picture		96	96	96	96	1	5455	96		96	96	96	96	1	5455	96	140	140	140	140	1	5411	140	0			0			0	5411	5551	326.79					Aggregated								
Recording2	Participant 2	Timeline1	Veggie crisps	1	Veggie crisps	Snack	I would not buy	I would not buy			624	208	140	244	3	5271	140	Picture	Picture		624	208	140	244	3	5271	140		648	324	140	508	2	5271	140	756	378	204	552	2	5207	204	1	6220	949	0			1	5207	5411	347.4					Aggregated								
Recording2	Participant 2	Timeline1	Veggie crisps	1	Veggie crisps	Snack	Ingredients		Ingredients		1224	245	176	340	5	3911	260	Picture	Picture		1224	245	176	340	5	3911	260		1296	1296	1296	1296	1	3911	1296	1368	1368	1368	1368	1	3839	1368	0			0			4	3839	5207	225.94					Aggregated								
Recording2	Participant 2	Timeline1	Veggie crisps	1	Veggie crisps	Snack	Nutrition Label		Nutrition Label		0				0			Picture	Picture		0				0				0				0			0				0			0			0			0								Aggregated								
Recording2	Participant 2	Timeline1	Veggie crisps	1	Veggie crisps	Snack	Picture		Picture		1700	243	80	404	7	0	223	Picture	Picture		1388	278	80	404	5	367	80		1880	470	89	1028	4	0	447	2036	509	153	1072	4	0	447	0			0			2	1319	447	182.55					Aggregated								
Recording2	Participant 2	Timeline1	Veggie crisps	1	Veggie crisps	Snack	Price		Price		0				0			Picture	Picture		0				0				0				0			0				0			0			0			0								Aggregated								
Recording3	Participant 3	Timeline1	Burger	1	Burger	Meal	I would buy	I would buy			264	132	80	184	2	22761	184	Picture	Picture	2.69876	264	132	80	184	2	22761	184	2.69876	292	292	292	292	1	22761	292	352	352	352	352	1	22701	352	1	24460	1699	0			1	22701		398.66					Aggregated								
Recording3	Participant 3	Timeline1	Burger	1	Burger	Meal	I would not buy	I would not buy			0				0			Picture	Picture		0				0				0				0			0				0			0			0			0								Aggregated								
Recording3	Participant 3	Timeline1	Burger	1	Burger	Meal	Ingredients		Ingredients		4504	375	116	920	12	14053	920	Picture	Picture	2.75669	4504	375	116	920	12	14053	920	2.75669	4740	2370	1220	3520	2	14053	3520	4816	2408	1284	3532	2	14041	3532	0			0			10	17949	17573	270.6					Aggregated								
Recording3	Participant 3	Timeline1	Burger	1	Burger	Meal	Nutrition Label		Nutrition Label		13492	237	64	628	57	1568	180	Picture	Picture	2.71906	13492	237	64	628	57	1568	180	2.71906	15460	7730	3088	12372	2	1568	12372	15604	7802	3164	12440	2	1500	12440	0			0			52	1500	22701	296.52					Aggregated								
Recording3	Participant 3	Timeline1	Burger	1	Burger	Meal	Picture		Picture		2003	200	88	368	10	0	368	Picture	Picture	2.6411	1480	185	88	308	8	992	88	2.65014	2203	367	100	702	6	0	368	2339	390	116	722	6	0	368	0			0			2	17573	368	297.92					Aggregated								
Recording3	Participant 3	Timeline1	Burger	1	Burger	Meal	Price		Price		0				0			Picture	Picture		0				0				0				0			0				0			0			0			0								Aggregated								
Recording3	Participant 3	Timeline1	Cereals	1	Cereals	Meal	I would buy	I would buy			0				0			Nutrition Label	Nutrition Label		0				0				0				0			0				0			1	11280		0			0								Aggregated								
Recording3	Participant 3	Timeline1	Cereals	1	Cereals	Meal	I would not buy	I would not buy			0				0			Nutrition Label	Nutrition Label		0				0				0				0			0				0			0			0			0								Aggregated								
Recording3	Participant 3	Timeline1	Cereals	1	Cereals	Meal	Ingredients		Ingredients		3732	311	152	964	12	3113	396	Nutrition Label	Nutrition Label		3732	311	152	964	12	3113	396		3964	3964	3964	3964	1	3113	3964	4032	4032	4032	4032	1	3045	4032	0			0			11	3045	7077	219.47					Aggregated								
Recording3	Participant 3	Timeline1	Cereals	1	Cereals	Meal	Nutrition Label		Nutrition Label		3631	214	39	452	17	7185	104	Nutrition Label	Nutrition Label		3592	225	104	452	16	7185	104		4127	4127	4127	4127	1	7185	4127	4235	4235	4235	4235	1	7077	4235	0			0			16	7077		396.07					Aggregated								
Recording3	Participant 3	Timeline1	Cereals	1	Cereals	Meal	Picture		Picture		2305	288	136	532	8	0	241	Nutrition Label	Nutrition Label		2064	295	136	532	7	261	144		2497	1248	405	2092	2	0	405	2549	1274	405	2144	2	0	405	0			0			6	901	405	90.16					Aggregated								
Recording3	Participant 3	Timeline1	Cereals	1	Cereals	Meal	Price		Price		0				0			Nutrition Label	Nutrition Label		0				0				0				0			0				0			0			0			0								Aggregated								
Recording3	Participant 3	Timeline1	Chips	1	Chips	Snack	I would buy	I would buy			136	136	136	136	1	13522	136	Picture			136	136	136	136	1	13522	136		136	136	136	136	1	13522	136	188	188	188	188	1	13470	188	1	17223	3701	0			0	13470		286.37					Aggregated								
Recording3	Participant 3	Timeline1	Chips	1	Chips	Snack	I would not buy	I would not buy			0				0			Picture			0				0				0				0			0				0			0			0			0								Aggregated								
Recording3	Participant 3	Timeline1	Chips	1	Chips	Snack	Ingredients		Ingredients		6856	361	120	708	19	1114	316	Picture			6856	361	120	708	19	1114	316		7284	3642	1240	6044	2	1114	6044	7328	3664	1244	6084	2	1074	6084	0			0			17	1074	7158	196.84					Aggregated								
Recording3	Participant 3	Timeline1	Chips	1	Chips	Snack	Nutrition Label		Nutrition Label		6352	244	112	420	26	274	112	Picture			6352	244	112	420	26	274	112		7068	2356	268	6084	3	274	268	7320	2440	340	6160	3	202	340	0			0			22	202	13470	331.23					Aggregated								
Recording3	Participant 3	Timeline1	Chips	1	Chips	Snack	Picture		Picture		662	165	80	268	4	0	202	Picture			460	153	80	268	3	7214	80		662	165	80	268	4	0	202	762	190	136	272	4	0	202	0			0			0	7158	202	324.05					Aggregated								
Recording3	Participant 3	Timeline1	Chips	1	Chips	Snack	Price		Price		396	396	396	396	1	16390	396	Picture			396	396	396	396	1	16390	396		396	396	396	396	1	16390	396	484	484	484	484	1	16302	484	0			0			0	16302		439.3					Aggregated								
Recording3	Participant 3	Timeline1	Chocolate bar	1	Chocolate bar	Snack	I would buy	I would buy			0				0			Ingredients			0				0				0				0			0				0			0			0			0								Aggregated								
Recording3	Participant 3	Timeline1	Chocolate bar	1	Chocolate bar	Snack	I would not buy	I would not buy			152	152	152	152	1	8815	152	Ingredients			152	152	152	152	1	8815	152		152	152	152	152	1	8815	152	212	212	212	212	1	8755	212	1	14863	6048	0			0	8755		312.04					Aggregated								
Recording3	Participant 3	Timeline1	Chocolate bar	1	Chocolate bar	Snack	Ingredients		Ingredients		7116	264	72	784	27	6155	244	Ingredients			7116	264	72	784	27	6155	244		7732	3866	2600	5132	2	6155	2600	7860	3930	2664	5196	2	6091	2664	0			0			25	6091	8755	269.56					Aggregated								
Recording3	Participant 3	Timeline1	Chocolate bar	1	Chocolate bar	Snack	Nutrition Label		Nutrition Label		4032	252	84	896	16	1395	168	Ingredients			4032	252	84	896	16	1395	168		4456	4456	4456	4456	1	1395	4456	4516	4516	4516	4516	1	1335	4516	0			0			15	1335	5851	326.37					Aggregated								
Recording3	Participant 3	Timeline1	Chocolate bar	1	Chocolate bar	Snack	Picture		Picture		975	163	96	208	6	0	171	Ingredients			804	161	96	208	5	199	168		1067	356	172	528	3	0	367	1139	380	240	532	3	0	367	0			0			3	5851	367	380.44					Aggregated								
Recording3	Participant 3	Timeline1	Chocolate bar	1	Chocolate bar	Snack	Price		Price		0				0			Ingredients			0				0				0				0			0				0			0			0			0								Aggregated								
Recording3	Participant 3	Timeline1	Chocolate cookies	1	Chocolate cookies	Dessert	I would buy	I would buy			160	160	160	160	1	6684	160	Picture			160	160	160	160	1	6684	160		160	160	160	160	1	6684	160	184	184	184	184	1	6660	184	0			0			0	6660	6844	86.21					Aggregated								
Recording3	Participant 3	Timeline1	Chocolate cookies	1	Chocolate cookies	Dessert	I would not buy	I would not buy			1784	198	80	348	9	23488	120	Picture			1784	198	80	348	9	23488	120		1996	1996	1996	1996	1	23488	1996	2040	2040	2040	2040	1	23444	2040	1	25975	2487	0			8		25484						Aggregated								
Recording3	Participant 3	Timeline1	Chocolate cookies	1	Chocolate cookies	Dessert	Ingredients		Ingredients		5016	334	120	544	15	17600	120	Picture			5016	334	120	544	15	17600	120		5264	2632	120	5144	2	17600	120	5304	2652	124	5180	2	17596	124	0			0			13	18200	17720	112.34					Aggregated								
Recording3	Participant 3	Timeline1	Chocolate cookies	1	Chocolate cookies	Dessert	Nutrition Label		Nutrition Label		13612	332	120	1444	41	748	124	Picture			13612	332	120	1444	41	748	124		14800	4933	668	10596	3	748	668	14988	4996	732	10656	3	684	732	0			0			37	6844	1416	444.85					Aggregated								
Recording3	Participant 3	Timeline1	Chocolate cookies	1	Chocolate cookies	Dessert	Picture		Picture		832	277	92	592	3	0	592	Picture			240	120	92	148	2	25540	92		868	434	276	592	2	0	592	924	462	332	592	2	0	592	0			0			1	25484	25816	325.62					Aggregated								
Recording3	Participant 3	Timeline1	Chocolate cookies	1	Chocolate cookies	Dessert	Price		Price		580	290	124	456	2	2180	124	Picture			580	290	124	456	2	2180	124		580	290	124	456	2	2180	124	668	334	188	480	2	2116	188	0			0			0	2116	2304	333.23					Aggregated								
Recording3	Participant 3	Timeline1	Ice cream	1	Ice cream	Dessert	I would buy	I would buy			568	189	120	232	3	21978	232	Picture			568	189	120	232	3	21978	232		624	624	624	624	1	21978	624	672	672	672	672	1	21930	672	1	22931	953	0			2	21930	22602	250.91					Aggregated								
Recording3	Participant 3	Timeline1	Ice cream	1	Ice cream	Dessert	I would not buy	I would not buy			0				0			Picture			0				0				0				0			0				0			0			0			0								Aggregated								
Recording3	Participant 3	Timeline1	Ice cream	1	Ice cream	Dessert	Ingredients		Ingredients		7772	288	124	596	27	11582	140	Picture			7772	288	124	596	27	11582	140		8352	4176	2048	6304	2	11582	6304	8416	4208	2108	6308	2	11578	6308	0			0			25	18514	17886	312.96					Aggregated								
Recording3	Participant 3	Timeline1	Ice cream	1	Ice cream	Dessert	Nutrition Label		Nutrition Label		9060	252	96	664	36	1354	260	Picture			9060	252	96	664	36	1354	260		10108	10108	10108	10108	1	1354	10108	10140	10140	10140	10140	1	1322	10140	0			0			35	1322		116.07					Aggregated								
Recording3	Participant 3	Timeline1	Ice cream	1	Ice cream	Dessert	Picture		Picture		2050	228	124	628	9	0	126	Picture			1924	241	124	628	8	166	124		2230	557	128	1244	4	0	290	2410	602	184	1308	4	0	290	0			0			4	17886	18514	323.13					Aggregated								
Recording3	Participant 3	Timeline1	Ice cream	1	Ice cream	Dessert	Price		Price		0				0			Picture			0				0				0				0			0				0			0			0			0								Aggregated								
Recording3	Participant 3	Timeline1	Oat cookies	1	Oat cookies	Dessert	I would buy	I would buy			164	164	164	164	1	23135	164	Ingredients	Ingredients		164	164	164	164	1	23135	164		164	164	164	164	1	23135	164	220	220	220	220	1	23079	220	1	24193	1057	0			0	23079		398.33					Aggregated								
Recording3	Participant 3	Timeline1	Oat cookies	1	Oat cookies	Dessert	I would not buy	I would not buy			0				0			Ingredients	Ingredients		0				0				0				0			0				0			0			0			0								Aggregated								
Recording3	Participant 3	Timeline1	Oat cookies	1	Oat cookies	Dessert	Ingredients		Ingredients		9277	265	53	624	35	11351	172	Ingredients	Ingredients		9224	271	60	624	34	11351	172		10073	5037	817	9256	2	11351	9256	10173	5087	821	9352	2	11255	9352	0			0			33	11255		360.54					Aggregated								
Recording3	Participant 3	Timeline1	Oat cookies	1	Oat cookies	Dessert	Nutrition Label		Nutrition Label		9760	279	80	1004	35	2099	144	Ingredients	Ingredients		9760	279	80	1004	35	2099	144		10652	5326	1496	9156	2	2099	9156	10780	5390	1560	9220	2	2035	9220	0			0			33	2035	11255	309.16					Aggregated								
Recording3	Participant 3	Timeline1	Oat cookies	1	Oat cookies	Dessert	Picture		Picture		1363	227	148	296	6	0	239	Ingredients	Ingredients		1124	225	148	296	5	271	148		1471	490	419	580	3	0	419	1563	521	419	628	3	0	419	0			0			2	1407	419	205.12					Aggregated								
Recording3	Participant 3	Timeline1	Oat cookies	1	Oat cookies	Dessert	Price		Price		0				0			Ingredients	Ingredients		0				0				0				0			0				0			0			0			0								Aggregated								
Recording3	Participant 3	Timeline1	Pistachios	1	Pistachios	Snack	I would buy	I would buy			296	148	140	156	2	247	156	Nutrition Label	Nutrition Label		296	148	140	156	2	247	156		296	148	140	156	2	247	156	404	202	196	208	2	195	208	1	8757	8510	1	8757	8510	0	195	403	299.95					Aggregated								
Recording3	Participant 3	Timeline1	Pistachios	1	Pistachios	Snack	I would not buy	I would not buy			0				0			Nutrition Label	Nutrition Label		0				0				0				0			0				0			0			0			0								Aggregated								
Recording3	Participant 3	Timeline1	Pistachios	1	Pistachios	Snack	Ingredients		Ingredients		572	286	216	356	2	1195	356	Nutrition Label	Nutrition Label		572	286	216	356	2	1195	356		600	600	600	600	1	1195	600	680	680	680	680	1	1115	680	0			0			1	1115	1795	250.44					Aggregated								
Recording3	Participant 3	Timeline1	Pistachios	1	Pistachios	Snack	Nutrition Label		Nutrition Label		5717	272	29	596	21	2175	244	Nutrition Label	Nutrition Label		5688	284	64	596	20	2175	244		6365	3183	885	5480	2	2175	5480	6485	3243	941	5544	2	2111	5544	0			0			19	2111	7655	339.31					Aggregated								
Recording3	Participant 3	Timeline1	Pistachios	1	Pistachios	Snack	Picture		Picture		327	109	64	195	3	0	195	Nutrition Label	Nutrition Label		132	66	64	68	2	1047	68		327	109	64	195	3	0	195	339	113	72	195	3	0	195	0			0			0		195						Aggregated								
Recording3	Participant 3	Timeline1	Pistachios	1	Pistachios	Snack	Price		Price		148	148	148	148	1	1823	148	Nutrition Label	Nutrition Label		148	148	148	148	1	1823	148		148	148	148	148	1	1823	148	176	176	176	176	1	1795	176	0			0			0	1795		153.07					Aggregated								
Recording3	Participant 3	Timeline1	Pizza	1	Pizza	Meal	I would buy	I would buy			184	184	184	184	1	21043	184	Nutrition Label			184	184	184	184	1	21043	184		184	184	184	184	1	21043	184	256	256	256	256	1	20971	256	1	24935	3892	0			0	20971	21227	222.07					Aggregated								
Recording3	Participant 3	Timeline1	Pizza	1	Pizza	Meal	I would not buy	I would not buy			0				0			Nutrition Label			0				0				0				0			0				0			0			0			0								Aggregated								
Recording3	Participant 3	Timeline1	Pizza	1	Pizza	Meal	Ingredients		Ingredients		6148	324	148	776	19	1815	204	Nutrition Label			6148	324	148	776	19	1815	204		6544	3272	568	5976	2	1815	568	6708	3354	644	6064	2	1739	644	0			0			17	1739	2383	269.1					Aggregated								
Recording3	Participant 3	Timeline1	Pizza	1	Pizza	Meal	Nutrition Label		Nutrition Label		13932	249	96	444	56	2475	140	Nutrition Label			13932	249	96	444	56	2475	140		15388	7694	3652	11736	2	2475	11736	15548	7774	3720	11828	2	2383	11828	0			0			54	2383	14211	437.6					Aggregated								
Recording3	Participant 3	Timeline1	Pizza	1	Pizza	Meal	Picture		Picture		1287	143	72	259	9	0	259	Nutrition Label			1028	129	72	176	8	279	128		1487	496	380	700	3	0	407	1563	521	407	708	3	0	407	0			0			4	20523	407	354.51					Aggregated								
Recording3	Participant 3	Timeline1	Pizza	1	Pizza	Meal	Price		Price		216	216	216	216	1	20307	216	Nutrition Label			216	216	216	216	1	20307	216		216	216	216	216	1	20307	216	248	248	248	248	1	20275	248	0			0			0	20275	20523	112.23					Aggregated								
Recording3	Participant 3	Timeline1	Soup	1	Soup	Meal	I would buy	I would buy			980	163	108	204	6	24043	200	I would buy	I would buy		792	158	108	204	5	24043	200		1068	534	200	868	2	24043	200	1196	598	260	936	2	23983	260	1	25428	1386	0			4	23983		375.9					Aggregated								
Recording3	Participant 3	Timeline1	Soup	1	Soup	Meal	I would not buy	I would not buy			0				0			I would buy	I would buy		0				0				0				0			0				0			0			0			0								Aggregated								
Recording3	Participant 3	Timeline1	Soup	1	Soup	Meal	Ingredients		Ingredients		7556	261	60	744	29	15562	176	I would buy	I would buy		7556	261	60	744	29	15562	176		8188	8188	8188	8188	1	15562	8188	8200	8200	8200	8200	1	15550	8200	0			0			28								Aggregated								
Recording3	Participant 3	Timeline1	Soup	1	Soup	Meal	Nutrition Label		Nutrition Label		13116	279	108	984	47	1154	172	I would buy	I would buy		13116	279	108	984	47	1154	172		14288	14288	14288	14288	1	1154	14288	14356	14356	14356	14356	1	1086	14356	0			0			46								Aggregated								
Recording3	Participant 3	Timeline1	Soup	1	Soup	Meal	Picture		Picture		678	170	116	258	4	0	258	I would buy	I would buy		420	140	116	172	3	278	132		698	233	116	410	3	0	410	762	254	128	410	3	0	410	0			0			1	722	410	224.69					Aggregated								
Recording3	Participant 3	Timeline1	Soup	1	Soup	Meal	Price		Price		0				0			I would buy	I would buy		0				0				0				0			0				0			0			0			0								Aggregated								
Recording3	Participant 3	Timeline1	Vegan ice cream	1	Vegan ice cream	Dessert	I would buy	I would buy			872	174	108	240	5	19152	208	Nutrition Label	Nutrition Label		872	174	108	240	5	19152	208		948	474	344	604	2	19152	344	1052	526	388	664	2	19108	388	1	24693	5540	0			3	19108	19496	284.69					Aggregated								
Recording3	Participant 3	Timeline1	Vegan ice cream	1	Vegan ice cream	Dessert	I would not buy	I would not buy			0				0			Nutrition Label	Nutrition Label		0				0				0				0			0				0			0			0			0								Aggregated								
Recording3	Participant 3	Timeline1	Vegan ice cream	1	Vegan ice cream	Dessert	Ingredients		Ingredients		10872	294	120	748	37	6768	120	Nutrition Label	Nutrition Label		10872	294	120	748	37	6768	120		11668	11668	11668	11668	1	6768	11668	11676	11676	11676	11676	1	6760	11676	0			0			36		18436						Aggregated								
Recording3	Participant 3	Timeline1	Vegan ice cream	1	Vegan ice cream	Dessert	Nutrition Label		Nutrition Label		7468	233	36	428	32	1744	140	Nutrition Label	Nutrition Label		7432	240	64	428	31	1744	140		8380	2793	1496	4896	3	1744	4896	8600	2867	1564	4968	3	1672	4968	0			0			28	1672	21992	365.39					Aggregated								
Recording3	Participant 3	Timeline1	Vegan ice cream	1	Vegan ice cream	Dessert	Picture		Picture		1740	158	76	268	11	0	236	Nutrition Label	Nutrition Label		1504	150	76	268	10	264	200		1908	477	268	644	4	0	644	2084	521	324	644	4	0	644	0			0			5	1348	644	186.11					Aggregated								
Recording3	Participant 3	Timeline1	Vegan ice cream	1	Vegan ice cream	Dessert	Price		Price		0				0			Nutrition Label	Nutrition Label		0				0				0				0			0				0			0			0			0								Aggregated								
Recording3	Participant 3	Timeline1	Veggie crisps	1	Veggie crisps	Snack	I would buy	I would buy			304	152	120	184	2	8777	184	Picture	Picture		304	152	120	184	2	8777	184		328	328	328	328	1	8777	328	400	400	400	400	1	8705	400	1	9248	471	0			1	8705		445.47					Aggregated								
Recording3	Participant 3	Timeline1	Veggie crisps	1	Veggie crisps	Snack	I would not buy	I would not buy			0				0			Picture	Picture		0				0				0				0			0				0			0			0			0								Aggregated								
Recording3	Participant 3	Timeline1	Veggie crisps	1	Veggie crisps	Snack	Ingredients		Ingredients		1404	234	144	376	6	7185	308	Picture	Picture		1404	234	144	376	6	7185	308		1520	1520	1520	1520	1	7185	1520	1584	1584	1584	1584	1	7121	1584	0			0			5	7121	8705	319.73					Aggregated								
Recording3	Participant 3	Timeline1	Veggie crisps	1	Veggie crisps	Snack	Nutrition Label		Nutrition Label		3712	286	124	804	13	1868	176	Picture	Picture		3712	286	124	804	13	1868	176		4068	4068	4068	4068	1	1868	4068	4136	4136	4136	4136	1	1800	4136	0			0			12	1800	5937	319.71					Aggregated								
Recording3	Participant 3	Timeline1	Veggie crisps	1	Veggie crisps	Snack	Picture		Picture		1556	156	8	340	10	0	176	Picture	Picture		1372	172	80	340	8	244	116		1888	378	8	796	5	0	360	2052	410	52	840	5	0	360	0			0			2	960	1800	188.75					Aggregated								
Recording3	Participant 3	Timeline1	Veggie crisps	1	Veggie crisps	Snack	Price		Price		0				0			Picture	Picture		0				0				0				0			0				0			0			0			0								Aggregated								
Recording4	Participant 4	Timeline1	Burger	1	Burger	Meal	I would buy	I would buy			584	146	128	160	4	2824	128	Picture		3.13168	584	146	128	160	4	2824	128	3.13168	660	660	660	660	1	2824	660	716	716	716	716	1	2768	716	0			0			3	2768	3484	407.51					Aggregated								
Recording4	Participant 4	Timeline1	Burger	1	Burger	Meal	I would not buy	I would not buy			1888	210	104	396	9	3540	168	Picture		3.01559	1888	210	104	396	9	3540	168	3.01559	2056	1028	720	1336	2	3540	720	2160	1080	776	1384	2	3484	776	1	19409	15869	0			7	3484	4260	366.64					Aggregated								
Recording4	Participant 4	Timeline1	Burger	1	Burger	Meal	Ingredients		Ingredients		3424	201	80	408	17	1364	100	Picture		2.89994	3424	201	80	408	17	1364	100	2.89994	3920	1307	100	3336	3	1364	100	4084	1361	120	3428	3	1344	120	0			0			13	1344	1464	69.72					Aggregated								
Recording4	Participant 4	Timeline1	Burger	1	Burger	Meal	Nutrition Label		Nutrition Label		9024	220	68	516	41	1544	220	Picture		3.01316	9024	220	68	516	41	1544	220	3.01316	10180	3393	364	8592	3	1544	1224	10388	3463	456	8628	3	1464	1304	0			0			36	1464	2768	496.49					Aggregated								
Recording4	Participant 4	Timeline1	Burger	1	Burger	Meal	Picture		Picture		648	130	68	228	5	0	116	Picture		2.86819	532	133	68	228	4	120	92	2.8877	736	245	68	440	3	0	440	820	273	104	440	3	0	440	0			0			1	832	440	170.1					Aggregated								
Recording4	Participant 4	Timeline1	Burger	1	Burger	Meal	Price		Price		248	248	248	248	1	4824	248	Picture		2.87837	248	248	248	248	1	4824	248	2.87837	248	248	248	248	1	4824	248	276	276	276	276	1	4796	276	0			0			0	4796	5072	115.28					Aggregated								
Recording4	Participant 4	Timeline1	Cereals	1	Cereals	Meal	I would buy	I would buy			1000	167	112	276	6	406	124	Picture	Picture		1000	167	112	276	6	406	124		1104	552	124	980	2	406	124	1164	582	176	988	2	354	176	1	20535	20128	0			4		530						Aggregated								
Recording4	Participant 4	Timeline1	Cereals	1	Cereals	Meal	I would not buy	I would not buy			112	112	112	112	1	578	112	Picture	Picture		112	112	112	112	1	578	112		112	112	112	112	1	578	112	160	160	160	160	1	530	160	0			0			0	530	690	361.26					Aggregated								
Recording4	Participant 4	Timeline1	Cereals	1	Cereals	Meal	Ingredients		Ingredients		2108	234	84	460	9	5582	84	Picture	Picture		2108	234	84	460	9	5582	84		2248	749	84	1976	3	5582	84	2364	788	96	1996	3	5570	96	0			0			6	5570	5666	65.79					Aggregated								
Recording4	Participant 4	Timeline1	Cereals	1	Cereals	Meal	Nutrition Label		Nutrition Label		9128	212	64	412	43	930	156	Picture	Picture		9128	212	64	412	43	930	156		10460	1743	156	3612	6	930	156	10852	1809	216	3672	6	870	216	0			0			33	870	1086	338.66					Aggregated								
Recording4	Participant 4	Timeline1	Cereals	1	Cereals	Meal	Picture		Picture		2358	181	54	324	13	0	54	Picture	Picture		2088	190	96	324	11	174	96		2638	440	128	1012	6	0	270	2874	479	180	1040	6	0	270	0			0			6	690	870	459.88					Aggregated								
Recording4	Participant 4	Timeline1	Cereals	1	Cereals	Meal	Price		Price		580	193	164	248	3	4846	168	Picture	Picture		580	193	164	248	3	4846	168		596	298	164	432	2	4846	432	720	360	196	524	2	4754	524	0			0			1	4754	5278	459.15					Aggregated								
Recording4	Participant 4	Timeline1	Chips	1	Chips	Snack	I would buy	I would buy			428	214	196	232	2	10859	196	Picture	Picture		428	214	196	232	2	10859	196		456	456	456	456	1	10859	456	508	508	508	508	1	10807	508	1	12019	1160	0			1	10807	11315	409.64					Aggregated								
Recording4	Participant 4	Timeline1	Chips	1	Chips	Snack	I would not buy	I would not buy			272	136	64	208	2	10511	208	Picture	Picture		272	136	64	208	2	10511	208		296	296	296	296	1	10511	296	356	356	356	356	1	10451	356	0			0			1	10451	10807	400.63					Aggregated								
Recording4	Participant 4	Timeline1	Chips	1	Chips	Snack	Ingredients		Ingredients		1620	231	112	320	7	8111	256	Picture	Picture		1620	231	112	320	7	8111	256		1788	1788	1788	1788	1	8111	1788	1804	1804	1804	1804	1	8095	1804	0			0			6	8095		54.3					Aggregated								
Recording4	Participant 4	Timeline1	Chips	1	Chips	Snack	Nutrition Label		Nutrition Label		5856	234	100	1032	25	867	216	Picture	Picture		5856	234	100	1032	25	867	216		6488	2163	552	4960	3	867	976	6588	2196	608	4992	3	855	988	0			0			21	2331	1843	163.56					Aggregated								
Recording4	Participant 4	Timeline1	Chips	1	Chips	Snack	Picture		Picture		417	104	22	179	4	0	179	Picture	Picture		216	108	100	116	2	207	116		445	148	22	323	3	0	323	501	167	30	323	3	0	323	0			0			1	10303	323	247.4					Aggregated								
Recording4	Participant 4	Timeline1	Chips	1	Chips	Snack	Price		Price		324	162	160	164	2	7415	164	Picture	Picture		324	162	160	164	2	7415	164		336	336	336	336	1	7415	336	428	428	428	428	1	7323	428	0			0			1	7323	7751	499.75					Aggregated								
Recording4	Participant 4	Timeline1	Chocolate bar	1	Chocolate bar	Snack	I would buy	I would buy			1092	156	108	248	7	9902	108	I would buy	I would buy		844	141	108	196	6	9902	108		1224	612	560	664	2	9902	664	1316	658	584	732	2	9834	732	1	11925	2024	0			5	9834		426.16					Aggregated								
Recording4	Participant 4	Timeline1	Chocolate bar	1	Chocolate bar	Snack	I would not buy	I would not buy			0				0			I would buy	I would buy		0				0				0				0			0				0			0			0			0								Aggregated								
Recording4	Participant 4	Timeline1	Chocolate bar	1	Chocolate bar	Snack	Ingredients		Ingredients		3988	235	68	436	17	4989	424	I would buy	I would buy		3988	235	68	436	17	4989	424		4544	2272	424	4120	2	4989	424	4664	2332	508	4156	2	4905	508	0			0			14	4905	5413	493.67					Aggregated								
Recording4	Participant 4	Timeline1	Chocolate bar	1	Chocolate bar	Snack	Nutrition Label		Nutrition Label		1976	220	112	436	9	2737	284	I would buy	I would buy		1976	220	112	436	9	2737	284		2168	2168	2168	2168	1	2737	2168	2256	2256	2256	2256	1	2649	2256	0			0			8	2649	4905	371.96					Aggregated								
Recording4	Participant 4	Timeline1	Chocolate bar	1	Chocolate bar	Snack	Picture		Picture		1449	181	60	464	8	0	161	I would buy	I would buy		1288	184	60	464	7	181	124		1709	570	408	720	3	0	581	1757	586	416	760	3	0	581	0			0			4	1009	581	220.4					Aggregated								
Recording4	Participant 4	Timeline1	Chocolate bar	1	Chocolate bar	Snack	Price		Price		256	256	256	256	1	2393	256	I would buy	I would buy		256	256	256	256	1	2393	256		256	256	256	256	1	2393	256	280	280	280	280	1	2369	280	0			0			0	2369	2649	108.81					Aggregated								
Recording4	Participant 4	Timeline1	Chocolate cookies	1	Chocolate cookies	Dessert	I would buy	I would buy			632	316	124	508	2	11247	508	I would buy			632	316	124	508	2	11247	508		652	652	652	652	1	11247	652	696	696	696	696	1	11203	696	1	11894	647	0			1	11203		351.75					Aggregated								
Recording4	Participant 4	Timeline1	Chocolate cookies	1	Chocolate cookies	Dessert	I would not buy	I would not buy			312	156	100	212	2	10871	212	I would buy			312	156	100	212	2	10871	212		332	332	332	332	1	10871	332	396	396	396	396	1	10807	396	0			0			1	10807	11203	369.95					Aggregated								
Recording4	Participant 4	Timeline1	Chocolate cookies	1	Chocolate cookies	Dessert	Ingredients		Ingredients		3116	240	120	396	13	1871	276	I would buy			3116	240	120	396	13	1871	276		3620	1810	176	3444	2	1871	3444	3652	1826	188	3464	2	1851	3464	0			0			10	1851	5315	100.44					Aggregated								
Recording4	Participant 4	Timeline1	Chocolate cookies	1	Chocolate cookies	Dessert	Nutrition Label		Nutrition Label		4356	229	100	576	19	747	224	I would buy			4356	229	100	576	19	747	224		5168	2584	760	4408	2	747	760	5324	2662	820	4504	2	687	820	0			0			15	687	1507	397.45					Aggregated								
Recording4	Participant 4	Timeline1	Chocolate cookies	1	Chocolate cookies	Dessert	Picture		Picture		268	268	268	268	1	27	268	I would buy			268	268	268	268	1	27	268		268	268	268	268	1	27	268	295	295	295	295	1	0	295	0			0			0		295						Aggregated								
Recording4	Participant 4	Timeline1	Chocolate cookies	1	Chocolate cookies	Dessert	Price		Price		752	251	212	272	3	1583	268	I would buy			752	251	212	272	3	1583	268		932	466	268	664	2	1583	268	1032	516	344	688	2	1507	344	0			0			0	1507	1851	446.06					Aggregated								
Recording4	Participant 4	Timeline1	Ice cream	1	Ice cream	Dessert	I would buy	I would buy			710	237	216	270	3	12869	224	I would buy	I would buy		440	220	216	224	2	12869	224		762	762	762	762	1	12869	762	830	830	830	830	1	12801	830	1	13604	735	0			2	12801		462.17					Aggregated								
Recording4	Participant 4	Timeline1	Ice cream	1	Ice cream	Dessert	I would not buy	I would not buy			0				0			I would buy	I would buy		0				0				0				0			0				0			0			0			0								Aggregated								
Recording4	Participant 4	Timeline1	Ice cream	1	Ice cream	Dessert	Ingredients		Ingredients		5696	219	88	404	26	6105	388	I would buy	I would buy		5696	219	88	404	26	6105	388		6696	6696	6696	6696	1	6105	6696	6720	6720	6720	6720	1	6081	6720	0			0			23	6081	12801	138.54					Aggregated								
Recording4	Participant 4	Timeline1	Ice cream	1	Ice cream	Dessert	Nutrition Label		Nutrition Label		4124	229	140	440	18	820	176	I would buy	I would buy		4124	229	140	440	18	820	176		4532	4532	4532	4532	1	820	4532	4588	4588	4588	4588	1	764	4588	0			0			17	764	5353	362.68					Aggregated								
Recording4	Participant 4	Timeline1	Ice cream	1	Ice cream	Dessert	Picture		Picture		276	138	116	160	2	0	160	I would buy	I would buy		116	116	116	116	1	188	116		304	304	304	304	1	0	304	304	304	304	304	1	0	304	0			0			1		304						Aggregated								
Recording4	Participant 4	Timeline1	Ice cream	1	Ice cream	Dessert	Price		Price		632	316	144	488	2	5437	144	I would buy	I would buy		632	316	144	488	2	5437	144		644	644	644	644	1	5437	644	728	728	728	728	1	5353	728	0			0			1	5353	6081	427.25					Aggregated								
Recording4	Participant 4	Timeline1	Oat cookies	1	Oat cookies	Dessert	I would buy	I would buy			816	204	140	300	4	12939	140	Picture	Picture		816	204	140	300	4	12939	140		896	896	896	896	1	12939	896	960	960	960	960	1	12875	960	1	13939	1001	1	13939	1001	3	12875	13835	360.73					Aggregated								
Recording4	Participant 4	Timeline1	Oat cookies	1	Oat cookies	Dessert	I would not buy	I would not buy			0				0			Picture	Picture		0				0				0				0			0				0			0			0			0								Aggregated								
Recording4	Participant 4	Timeline1	Oat cookies	1	Oat cookies	Dessert	Ingredients		Ingredients		2836	258	140	452	11	8966	336	Picture	Picture		2836	258	140	452	11	8966	336		3196	3196	3196	3196	1	8966	3196	3212	3212	3212	3212	1	8950	3212	0			0			9	8950	12163	56.23					Aggregated								
Recording4	Participant 4	Timeline1	Oat cookies	1	Oat cookies	Dessert	Nutrition Label		Nutrition Label		6860	245	64	568	28	838	196	Picture	Picture		6860	245	64	568	28	838	196		7788	7788	7788	7788	1	838	7788	7852	7852	7852	7852	1	774	7852	0			0			25	774	8626	399.46					Aggregated								
Recording4	Participant 4	Timeline1	Oat cookies	1	Oat cookies	Dessert	Picture		Picture		670	168	94	228	4	6	192	Picture	Picture		576	192	156	228	3	6	192		702	234	94	380	3	6	380	800	267	146	386	3	0	386	0			0			1	12607	386	203.67					Aggregated								
Recording4	Participant 4	Timeline1	Oat cookies	1	Oat cookies	Dessert	Price		Price		228	228	228	228	1	8722	228	Picture	Picture		228	228	228	228	1	8722	228		228	228	228	228	1	8722	228	324	324	324	324	1	8626	324	0			0			0	8626	8950	462.81					Aggregated								
Recording4	Participant 4	Timeline1	Pistachios	1	Pistachios	Snack	I would buy	I would buy			704	141	52	176	5	9291	176	I would buy	I would buy		652	163	144	176	4	9291	176		780	390	344	436	2	9291	344	868	434	376	492	2	9259	376	1	10770	1479	0			3	9259	9635	276.78					Aggregated								
Recording4	Participant 4	Timeline1	Pistachios	1	Pistachios	Snack	I would not buy	I would not buy			0				0			I would buy	I would buy		0				0				0				0			0				0			0			0			0								Aggregated								
Recording4	Participant 4	Timeline1	Pistachios	1	Pistachios	Snack	Ingredients		Ingredients		876	219	196	252	4	2507	208	I would buy	I would buy		876	219	196	252	4	2507	208		932	466	448	484	2	2507	484	988	494	476	512	2	2479	512	0			0			2	2479	2991	151.73					Aggregated								
Recording4	Participant 4	Timeline1	Pistachios	1	Pistachios	Snack	Nutrition Label		Nutrition Label		4288	268	140	464	16	1175	216	I would buy	I would buy		4288	268	140	464	16	1175	216		4832	2416	584	4248	2	1175	584	4956	2478	648	4308	2	1111	648	0			0			13	1111	7671	402.69					Aggregated								
Recording4	Participant 4	Timeline1	Pistachios	1	Pistachios	Snack	Picture		Picture		1760	196	64	264	9	3	224	I would buy	I would buy		1760	196	64	264	9	3	224		1956	391	140	636	5	3	452	2163	433	204	684	5	0	455	0			0			2	807	455	211.61					Aggregated								
Recording4	Participant 4	Timeline1	Pistachios	1	Pistachios	Snack	Price		Price		648	216	156	332	3	2147	332	I would buy	I would buy		648	216	156	332	3	2147	332		668	334	332	336	2	2147	332	748	374	356	392	2	2123	356	0			0			1	2123	2479	102.85					Aggregated								
Recording4	Participant 4	Timeline1	Pizza	1	Pizza	Meal	I would buy	I would buy			0				0			I would not buy			0				0				0				0			0				0			0			0			0								Aggregated								
Recording4	Participant 4	Timeline1	Pizza	1	Pizza	Meal	I would not buy	I would not buy			636	212	184	252	3	14879	252	I would not buy			636	212	184	252	3	14879	252		684	684	684	684	1	14879	684	732	732	732	732	1	14831	732	1	15575	696	0			2	14831		304.57					Aggregated								
Recording4	Participant 4	Timeline1	Pizza	1	Pizza	Meal	Ingredients		Ingredients		4176	232	68	380	18	9519	312	I would not buy			4176	232	68	380	18	9519	312		4800	2400	1820	2980	2	9519	1820	4836	2418	1852	2984	2	9487	1852	0			0			14	9487	11339	126.75					Aggregated								
Recording4	Participant 4	Timeline1	Pizza	1	Pizza	Meal	Nutrition Label		Nutrition Label		6032	223	88	512	27	1707	300	I would not buy			6032	223	88	512	27	1707	300		7064	7064	7064	7064	1	1707	7064	7128	7128	7128	7128	1	1643	7128	0			0			23	1643		399.58					Aggregated								
Recording4	Participant 4	Timeline1	Pizza	1	Pizza	Meal	Picture		Picture		1084	181	92	248	6	11	168	I would not buy			1084	181	92	248	6	11	168		1160	580	384	776	2	11	384	1207	603	395	812	2	0	395	0			0			4	831	395	171.03					Aggregated								
Recording4	Participant 4	Timeline1	Pizza	1	Pizza	Meal	Price		Price		380	190	184	196	2	9095	196	I would not buy			380	190	184	196	2	9095	196		380	190	184	196	2	9095	196	480	240	208	272	2	9019	272	0			0			0	11339	9291	122.47					Aggregated								
Recording4	Participant 4	Timeline1	Soup	1	Soup	Meal	I would buy	I would buy			920	184	128	272	5	13846	128	Picture	Picture		920	184	128	272	5	13846	128		1024	1024	1024	1024	1	13846	1024	1100	1100	1100	1100	1	13770	1100	1	14959	1113	0			4	13770	14870	416.07					Aggregated								
Recording4	Participant 4	Timeline1	Soup	1	Soup	Meal	I would not buy	I would not buy			0				0			Picture	Picture		0				0				0				0			0				0			0			0			0								Aggregated								
Recording4	Participant 4	Timeline1	Soup	1	Soup	Meal	Ingredients		Ingredients		1904	238	208	276	8	8966	208	Picture	Picture		1904	238	208	276	8	8966	208		2064	1032	736	1328	2	8966	736	2132	1066	756	1376	2	8946	756	0			0			6	8946	13770	78.68					Aggregated								
Recording4	Participant 4	Timeline1	Soup	1	Soup	Meal	Nutrition Label		Nutrition Label		5444	237	80	452	23	1918	196	Picture	Picture		5444	237	80	452	23	1918	196		6208	3104	1676	4532	2	1918	1676	6300	3150	1708	4592	2	1886	1708	0			0			20	3990	3594	401.73					Aggregated								
Recording4	Participant 4	Timeline1	Soup	1	Soup	Meal	Picture		Picture		1718	286	68	556	6	0	302	Picture	Picture		1348	337	160	556	4	754	160		1750	438	68	1044	4	0	302	1910	478	128	1084	4	0	302	0			0			2	714	302	223.91					Aggregated								
Recording4	Participant 4	Timeline1	Soup	1	Soup	Meal	Price		Price		2332	389	140	808	6	9790	140	Picture	Picture		2332	389	140	808	6	9790	140		2604	2604	2604	2604	1	9790	2604	2624	2624	2624	2624	1	9770	2624	0			0			4		12394						Aggregated								
Recording4	Participant 4	Timeline1	Vegan ice cream	1	Vegan ice cream	Dessert	I would buy	I would buy			0				0			Picture	Picture		0				0				0				0			0				0			0			0			0								Aggregated								
Recording4	Participant 4	Timeline1	Vegan ice cream	1	Vegan ice cream	Dessert	I would not buy	I would not buy			1260	252	148	392	5	7779	248	Picture	Picture		1260	252	148	392	5	7779	248		1332	666	392	940	2	7779	940	1392	696	400	992	2	7727	992	1	10167	2388	0			3	7727	8719	293.02					Aggregated								
Recording4	Participant 4	Timeline1	Vegan ice cream	1	Vegan ice cream	Dessert	Ingredients		Ingredients		1560	223	136	300	7	2263	136	Picture	Picture		1560	223	136	300	7	2263	136		1700	1700	1700	1700	1	2263	1700	1724	1724	1724	1724	1	2239	1724	0			0			6	2239	3963	108.04					Aggregated								
Recording4	Participant 4	Timeline1	Vegan ice cream	1	Vegan ice cream	Dessert	Nutrition Label		Nutrition Label		2164	197	128	352	11	1403	232	Picture	Picture		2164	197	128	352	11	1403	232		2380	793	396	1168	3	1403	396	2592	864	452	1256	3	1347	452	0			0			8	1347	1799	364.04					Aggregated								
Recording4	Participant 4	Timeline1	Vegan ice cream	1	Vegan ice cream	Dessert	Picture		Picture		1409	235	71	484	6	0	175	Picture	Picture		1164	291	176	484	4	207	248		1501	500	71	976	3	0	455	1601	534	123	1024	3	0	455	0			0			2	6703	455	244.47					Aggregated								
Recording4	Participant 4	Timeline1	Vegan ice cream	1	Vegan ice cream	Dessert	Price		Price		828	276	132	524	3	1875	172	Picture	Picture		828	276	132	524	3	1875	172		836	418	172	664	2	1875	172	944	472	248	696	2	1799	248	0			0			1	1799	2047	437.14					Aggregated								
Recording4	Participant 4	Timeline1	Veggie crisps	1	Veggie crisps	Snack	I would buy	I would buy			680	227	176	252	3	12708	176	Picture	Picture		680	227	176	252	3	12708	176		728	728	728	728	1	12708	728	776	776	776	776	1	12660	776	1	13748	1040	0			2	12660	13436	391.93					Aggregated								
Recording4	Participant 4	Timeline1	Veggie crisps	1	Veggie crisps	Snack	I would not buy	I would not buy			0				0			Picture	Picture		0				0				0				0			0				0			0			0			0								Aggregated								
Recording4	Participant 4	Timeline1	Veggie crisps	1	Veggie crisps	Snack	Ingredients		Ingredients		2492	227	140	472	11	2508	472	Picture	Picture		2492	227	140	472	11	2508	472		2700	1350	652	2048	2	2508	652	2740	1370	672	2068	2	2488	672	0			0			9	2488	3160	73.94					Aggregated								
Recording4	Participant 4	Timeline1	Veggie crisps	1	Veggie crisps	Snack	Nutrition Label		Nutrition Label		3752	235	84	644	16	3680	232	Picture	Picture		3752	235	84	644	16	3680	232		4532	2266	1576	2956	2	3680	2956	4640	2320	1596	3044	2	3592	3044	0			0			12	3592	6636	446.86					Aggregated								
Recording4	Participant 4	Timeline1	Veggie crisps	1	Veggie crisps	Snack	Picture		Picture		2488	191	104	452	13	0	152	Picture	Picture		2204	200	104	452	11	184	104		2704	541	232	1488	5	0	288	2852	570	248	1528	5	0	288	0			0			8	708	288	188.76					Aggregated								
Recording4	Participant 4	Timeline1	Veggie crisps	1	Veggie crisps	Snack	Price		Price		796	265	140	400	3	3196	256	Picture	Picture		796	265	140	400	3	3196	256		804	402	256	548	2	3196	256	880	440	292	588	2	3160	292	0			0			1	3160	3452	116.24					Aggregated								
