Recording	Participant	age_group	gender	Timeline	TOI	Interval	Media	calorie	AOI	product_attributes	purchase_decision	Last_key_press	Total_duration_of_fixations	Average_duration_of_fixations	Minimum_duration_of_fixations	Maximum_duration_of_fixations	Number_of_fixations	Time_to_first_fixation	Duration_of_first_fixation	Last_AOI_viewed	AOI_at_interval_end	Average_pupil_diameter	Total_duration_of_whole_fixations	Average_duration_of_whole_fixations	Minimum_duration_of_whole_fixations	Maximum_duration_of_whole_fixations	Number_of_whole_fixations	Time_to_first_whole_fixation	Duration_of_first_whole_fixation	Average_whole-fixation_pupil_diameter	Total_duration_of_Visit	Average_duration_of_Visit	Minimum_duration_of_Visit	Maximum_duration_of_Visit	Number_of_Visits	Time_to_first_Visit	Duration_of_first_Visit	Total_duration_of_Glances	Average_duration_of_Glances	Minimum_duration_of_Glances	Maximum_duration_of_Glances	Number_of_Glances	Time_to_first_Glance	Duration_of_first_Glance	Number_of_mouse_clicks	Time_to_first_mouse_click	Time_from_first_fixation_to_mouse_click	Number_of_mouse_clicks_and_releases	Time_to_first_mouse_click_and_release	Time_from_first_fixation_to_mouse_click_and_release	Number_of_saccades_in_AOI	Time_to_entry_saccade	Time_to_exit_saccade	Peak_velocity_of_entry_saccade	Character_index	Word_index	Sentence_index	AOI_string	Text_unit_type	Number_of_units	First-pass_first_fixation_duration	First-pass_duration	Selective_regression-path_duration	First-pass_regression	Total_duration_of_fixations	Regression-path_duration	Re-reading_duration
Recording1	p01	26-33	male	Timeline1	cake	1	cake	high	buy		buy		317	158	117	200	2	2277	200	picture	picture	2.78967	317	158	117	200	2	2277	200	2.78967	367	367	367	367	1	2277	367	433	433	433	433	1	2211	433	1	3067	790	0			1	2211		298.51													
Recording1	p01	26-33	male	Timeline1	cake	1	cake	high	ingredients	specifications			0				0			picture	picture		0				0				0				0			0				0			0			0			0																
Recording1	p01	26-33	male	Timeline1	cake	1	cake	high	name	name			983	164	67	267	6	744	267	picture	picture	2.78034	983	164	67	267	6	744	267	2.78034	1117	372	267	550	3	744	267	1200	400	283	567	3	727	283	0			0			1	727	2211	86.67													
Recording1	p01	26-33	male	Timeline1	cake	1	cake	high	not-buy		not-buy		0				0			picture	picture		0				0				0				0			0				0			0			0			0																
Recording1	p01	26-33	male	Timeline1	cake	1	cake	high	Nutrition	specifications			0				0			picture	picture		0				0				0				0			0				0			0			0			0																
Recording1	p01	26-33	male	Timeline1	cake	1	cake	high	picture	Picture			700	100	56	144	7	0	144	picture	picture	2.86195	500	100	67	133	5	311	133	2.87808	1017	339	56	517	3	0	444	1050	350	73	534	3	0	444	0			0			2	3027		69.7													
Recording1	p01	26-33	male	Timeline1	cake	1	cake	high	price	specifications			0				0			picture	picture		0				0				0				0			0				0			0			0			0																
Recording1	p01	26-33	male	Timeline1	cereal	1	cereal	low	buy		buy		117	117	117	117	1	7294	117	picture	picture	2.85878	117	117	117	117	1	7294	117	2.85878	117	117	117	117	1	7294	117	133	133	133	133	1	7277	133	1	7670	376	0			0																
Recording1	p01	26-33	male	Timeline1	cereal	1	cereal	low	ingredients	specifications			734	183	67	283	4	3327	67	picture	picture	2.77452	734	183	67	283	4	3327	67	2.77452	817	272	67	567	3	3327	67	884	295	84	600	3	3311	84	0			0			0	4161	4761	112.07													
Recording1	p01	26-33	male	Timeline1	cereal	1	cereal	low	name	name			750	187	100	317	4	478	317	picture	picture	2.80901	750	187	100	317	4	478	317	2.80901	867	289	100	450	3	478	317	933	311	133	467	3	461	333	0			0			0	1711	795	53.84													
Recording1	p01	26-33	male	Timeline1	cereal	1	cereal	low	not-buy		not-buy		0				0			picture	picture		0				0				0				0			0				0			0			0			0																
Recording1	p01	26-33	male	Timeline1	cereal	1	cereal	low	Nutrition	specifications			1782	162	67	300	11	1945	300	picture	picture	2.842	1782	162	67	300	11	1945	300	2.842	2615	1308	583	2033	2	1945	583	2699	1349	599	2099	2	1928	599	0			0			2	4761	2527	511.84													
Recording1	p01	26-33	male	Timeline1	cereal	1	cereal	low	picture	Picture			967	138	67	217	7	0	145	picture	picture	2.8481	650	130	67	217	5	195	67	2.82976	1101	220	83	400	5	0	261	1317	263	189	450	5	0	261	0			0			0	795	1711	38.53													
Recording1	p01	26-33	male	Timeline1	cereal	1	cereal	low	price	specifications			333	167	117	217	2	3528	117	picture	picture	2.69519	333	167	117	217	2	3528	117	2.69519	333	167	117	217	2	3528	117	367	183	133	233	2	3511	133	0			0			0		4161														
Recording1	p01	26-33	male	Timeline1	date	1	date	low	buy		buy		123	61	39	83	2	5327	83	buy	buy	2.87706	83	83	83	83	1	5327	83	2.85554	123	61	39	83	2	5327	83	223	111	89	133	2	5277	133	1	5795	467	0			0	5277		104.65													
Recording1	p01	26-33	male	Timeline1	date	1	date	low	ingredients	specifications			300	100	67	133	3	1878	133	buy	buy	2.7853	300	100	67	133	3	1878	133	2.7853	450	225	100	350	2	1878	350	517	258	150	367	2	1861	367	0			0			0	2395	2228	301.69													
Recording1	p01	26-33	male	Timeline1	date	1	date	low	name	name			350	117	83	150	3	2928	150	buy	buy	2.73995	350	117	83	150	3	2928	150	2.73995	417	208	150	267	2	2928	150	467	233	167	300	2	2911	167	0			0			0		3078														
Recording1	p01	26-33	male	Timeline1	date	1	date	low	not-buy		not-buy		0				0			buy	buy		0				0				0				0			0				0			0			0			0																
Recording1	p01	26-33	male	Timeline1	date	1	date	low	Nutrition	specifications			699	140	83	249	5	3661	117	buy	buy	2.86794	699	140	83	249	5	3661	117	2.86794	1116	1116	1116	1116	1	3661	1116	1183	1183	1183	1183	1	3594	1183	0			0			1	3594		365.79													
Recording1	p01	26-33	male	Timeline1	date	1	date	low	picture	Picture			1261	105	28	183	12	0	28	buy	buy	2.83718	1233	112	67	183	11	45	100	2.83467	1861	372	83	1361	5	0	1361	2095	419	100	1361	5	0	1361	0			0			3	2228	2395	388.8													
Recording1	p01	26-33	male	Timeline1	date	1	date	low	price	specifications			67	67	67	67	1	2561	67	buy	buy	2.77167	67	67	67	67	1	2561	67	2.77167	67	67	67	67	1	2561	67	83	83	83	83	1	2545	83	0			0			0	2545		67.05													
Recording1	p01	26-33	male	Timeline1	ice-cream	1	ice-cream	high	buy		buy		22	22	22	22	1	5495	22	buy	buy	2.65632	0				0				22	22	22	22	1	5495	22	39	39	39	39	1	5478	39	1	5486		0			0																
Recording1	p01	26-33	male	Timeline1	ice-cream	1	ice-cream	high	ingredients	specifications			283	71	67	83	4	4244	83	buy	buy	2.68025	283	71	67	83	4	4244	83	2.68025	484	484	484	484	1	4244	484	567	567	567	567	1	4161	567	0			0			2	4161	4728	473.25													
Recording1	p01	26-33	male	Timeline1	ice-cream	1	ice-cream	high	name	name			717	119	83	167	6	477	133	buy	buy	2.69473	717	119	83	167	6	477	133	2.69473	983	492	383	600	2	477	383	1067	533	417	650	2	444	417	0			0			2	444		100.23													
Recording1	p01	26-33	male	Timeline1	ice-cream	1	ice-cream	high	not-buy		not-buy		0				0			buy	buy		0				0				0				0			0				0			0			0			0																
Recording1	p01	26-33	male	Timeline1	ice-cream	1	ice-cream	high	Nutrition	specifications			317	106	67	133	3	3527	117	buy	buy	2.85704	317	106	67	133	3	3527	117	2.85704	633	633	633	633	1	3527	633	750	750	750	750	1	3411	750	0			0			0		4161														
Recording1	p01	26-33	male	Timeline1	ice-cream	1	ice-cream	high	picture	Picture			994	166	67	277	6	0	277	buy	buy	2.78356	716	143	67	200	5	311	133	2.78656	1061	265	183	444	4	0	444	1144	286	216	444	4	0	444	0			0			2	4728	444	300.54													
Recording1	p01	26-33	male	Timeline1	ice-cream	1	ice-cream	high	price	specifications			0				0			buy	buy		0				0				0				0			0				0			0			0			0																
Recording1	p01	26-33	male	Timeline1	pizza	1	pizza	high	buy		buy		767	192	100	267	4	5828	233	picture		2.8977	767	192	100	267	4	5828	233	2.8977	817	408	167	650	2	5828	650	917	458	233	683	2	5795	683	1	7277	1448	0			2	5795	6945	248.7													
Recording1	p01	26-33	male	Timeline1	pizza	1	pizza	high	ingredients	specifications			684	137	117	183	5	1094	117	picture		2.99092	684	137	117	183	5	1094	117	2.99092	884	442	117	767	2	1094	117	1001	500	150	851	2	1061	150	0			0			1	1061	1211	118.69													
Recording1	p01	26-33	male	Timeline1	pizza	1	pizza	high	name	name			900	300	217	417	3	594	217	picture		2.83168	900	300	217	417	3	594	217	2.83168	917	458	217	700	2	594	217	983	492	250	733	2	561	250	0			0			1	561	811	145.27													
Recording1	p01	26-33	male	Timeline1	pizza	1	pizza	high	not-buy		not-buy		0				0			picture			0				0				0				0			0				0			0			0			0																
Recording1	p01	26-33	male	Timeline1	pizza	1	pizza	high	Nutrition	specifications			800	160	133	200	5	3677	150	picture		3.03841	800	160	133	200	5	3677	150	3.03841	1217	1217	1217	1217	1	3677	1217	1233	1233	1233	1233	1	3661	1233	0			0			0																
Recording1	p01	26-33	male	Timeline1	pizza	1	pizza	high	picture	Picture			1283	160	67	283	8	28	150	picture		2.82075	1283	160	67	283	8	28	150	2.82075	1683	421	117	750	4	28	533	1827	457	167	767	4	0	561	0			0			2	6945	561	388.6													
Recording1	p01	26-33	male	Timeline1	pizza	1	pizza	high	price	specifications			267	133	83	183	2	1278	183	picture		2.90706	267	133	83	183	2	1278	183	2.90706	317	317	317	317	1	1278	317	384	384	384	384	1	1211	384	0			0			0	1211	1595	66.58													
Recording1	p01	26-33	male	Timeline1	Entire Recording	1	cake,cereal,date,fixation,ice-cream,instruction,pizza,thanks	high,low	buy		buy		123	61	39	83	2	83472	83	picture		2.87706	83	83	83	83	1	83472	83	2.85554	123	61	39	83	2	83472	83	223	111	89	133	2	83422	133	1	83939	467	0			0	83422		104.65													
Recording1	p01	26-33	male	Timeline1	Entire Recording	1	cake,cereal,date,fixation,ice-cream,instruction,pizza,thanks	high,low	buy		buy		317	158	117	200	2	86871	200	picture		2.78967	317	158	117	200	2	86871	200	2.78967	367	367	367	367	1	86871	367	433	433	433	433	1	86805	433	1	87661	790	0			1	86805		298.51													
Recording1	p01	26-33	male	Timeline1	Entire Recording	1	cake,cereal,date,fixation,ice-cream,instruction,pizza,thanks	high,low	buy		buy		117	117	117	117	1	71288	117	picture		2.85878	117	117	117	117	1	71288	117	2.85878	117	117	117	117	1	71288	117	133	133	133	133	1	71272	133	1	71665	376	0			0																
Recording1	p01	26-33	male	Timeline1	Entire Recording	1	cake,cereal,date,fixation,ice-cream,instruction,pizza,thanks	high,low	buy		buy		22	22	22	22	1	77522	22	picture		2.65632	0				0				22	22	22	22	1	77522	22	39	39	39	39	1	77505	39	1	77513		0			0																
Recording1	p01	26-33	male	Timeline1	Entire Recording	1	cake,cereal,date,fixation,ice-cream,instruction,pizza,thanks	high,low	buy		buy		767	192	100	267	4	61872	233	picture		2.8977	767	192	100	267	4	61872	233	2.8977	817	408	167	650	2	61872	650	917	458	233	683	2	61839	683	1	63321	1448	0			2	61839	62989	248.7													
Recording1	p01	26-33	male	Timeline1	Entire Recording	1	cake,cereal,date,fixation,ice-cream,instruction,pizza,thanks	high,low	ingredients	specifications			300	100	67	133	3	80022	133	picture		2.7853	300	100	67	133	3	80022	133	2.7853	450	225	100	350	2	80022	350	517	258	150	367	2	80005	367	0			0			0	80539	80372	301.69													
Recording1	p01	26-33	male	Timeline1	Entire Recording	1	cake,cereal,date,fixation,ice-cream,instruction,pizza,thanks	high,low	ingredients	specifications			0				0			picture			0				0				0				0			0				0			0			0			0																
Recording1	p01	26-33	male	Timeline1	Entire Recording	1	cake,cereal,date,fixation,ice-cream,instruction,pizza,thanks	high,low	ingredients	specifications			734	183	67	283	4	67322	67	picture		2.77452	734	183	67	283	4	67322	67	2.77452	817	272	67	567	3	67322	67	884	295	84	600	3	67305	84	0			0			0	68155	68756	112.07													
Recording1	p01	26-33	male	Timeline1	Entire Recording	1	cake,cereal,date,fixation,ice-cream,instruction,pizza,thanks	high,low	ingredients	specifications			283	71	67	83	4	76272	83	picture		2.68025	283	71	67	83	4	76272	83	2.68025	484	484	484	484	1	76272	484	567	567	567	567	1	76188	567	0			0			2	76188	76755	473.25													
Recording1	p01	26-33	male	Timeline1	Entire Recording	1	cake,cereal,date,fixation,ice-cream,instruction,pizza,thanks	high,low	ingredients	specifications			684	137	117	183	5	57138	117	picture		2.99092	684	137	117	183	5	57138	117	2.99092	884	442	117	767	2	57138	117	1001	500	150	851	2	57105	150	0			0			1	57105	57255	118.69													
Recording1	p01	26-33	male	Timeline1	Entire Recording	1	cake,cereal,date,fixation,ice-cream,instruction,pizza,thanks	high,low	name	name			350	117	83	150	3	81072	150	picture		2.73995	350	117	83	150	3	81072	150	2.73995	417	208	150	267	2	81072	150	467	233	167	300	2	81055	167	0			0			0		81222														
Recording1	p01	26-33	male	Timeline1	Entire Recording	1	cake,cereal,date,fixation,ice-cream,instruction,pizza,thanks	high,low	name	name			983	164	67	267	6	85338	267	picture		2.78034	983	164	67	267	6	85338	267	2.78034	1117	372	267	550	3	85338	267	1200	400	283	567	3	85321	283	0			0			1	85321	86805	86.67													
Recording1	p01	26-33	male	Timeline1	Entire Recording	1	cake,cereal,date,fixation,ice-cream,instruction,pizza,thanks	high,low	name	name			750	187	100	317	4	64472	317	picture		2.80901	750	187	100	317	4	64472	317	2.80901	867	289	100	450	3	64472	317	933	311	133	467	3	64456	333	0			0			0	65706	64789	53.84													
Recording1	p01	26-33	male	Timeline1	Entire Recording	1	cake,cereal,date,fixation,ice-cream,instruction,pizza,thanks	high,low	name	name			717	119	83	167	6	72505	133	picture		2.69473	717	119	83	167	6	72505	133	2.69473	983	492	383	600	2	72505	383	1067	533	417	650	2	72472	417	0			0			2	72472		100.23													
Recording1	p01	26-33	male	Timeline1	Entire Recording	1	cake,cereal,date,fixation,ice-cream,instruction,pizza,thanks	high,low	name	name			900	300	217	417	3	56638	217	picture		2.83168	900	300	217	417	3	56638	217	2.83168	917	458	217	700	2	56638	217	983	492	250	733	2	56605	250	0			0			1	56605	56855	145.27													
Recording1	p01	26-33	male	Timeline1	Entire Recording	1	cake,cereal,date,fixation,ice-cream,instruction,pizza,thanks	high,low	not-buy		not-buy		0				0			picture			0				0				0				0			0				0			0			0			0																
Recording1	p01	26-33	male	Timeline1	Entire Recording	1	cake,cereal,date,fixation,ice-cream,instruction,pizza,thanks	high,low	not-buy		not-buy		0				0			picture			0				0				0				0			0				0			0			0			0																
Recording1	p01	26-33	male	Timeline1	Entire Recording	1	cake,cereal,date,fixation,ice-cream,instruction,pizza,thanks	high,low	not-buy		not-buy		0				0			picture			0				0				0				0			0				0			0			0			0																
Recording1	p01	26-33	male	Timeline1	Entire Recording	1	cake,cereal,date,fixation,ice-cream,instruction,pizza,thanks	high,low	not-buy		not-buy		0				0			picture			0				0				0				0			0				0			0			0			0																
Recording1	p01	26-33	male	Timeline1	Entire Recording	1	cake,cereal,date,fixation,ice-cream,instruction,pizza,thanks	high,low	not-buy		not-buy		0				0			picture			0				0				0				0			0				0			0			0			0																
Recording1	p01	26-33	male	Timeline1	Entire Recording	1	cake,cereal,date,fixation,ice-cream,instruction,pizza,thanks	high,low	Nutrition	specifications			699	140	83	249	5	81805	117	picture		2.86794	699	140	83	249	5	81805	117	2.86794	1116	1116	1116	1116	1	81805	1116	1183	1183	1183	1183	1	81739	1183	0			0			1	81739		365.79													
Recording1	p01	26-33	male	Timeline1	Entire Recording	1	cake,cereal,date,fixation,ice-cream,instruction,pizza,thanks	high,low	Nutrition	specifications			0				0			picture			0				0				0				0			0				0			0			0			0																
Recording1	p01	26-33	male	Timeline1	Entire Recording	1	cake,cereal,date,fixation,ice-cream,instruction,pizza,thanks	high,low	Nutrition	specifications			1782	162	67	300	11	65939	300	picture		2.842	1782	162	67	300	11	65939	300	2.842	2615	1308	583	2033	2	65939	583	2699	1349	599	2099	2	65922	599	0			0			2	68756	66521	511.84													
Recording1	p01	26-33	male	Timeline1	Entire Recording	1	cake,cereal,date,fixation,ice-cream,instruction,pizza,thanks	high,low	Nutrition	specifications			317	106	67	133	3	75555	117	picture		2.85704	317	106	67	133	3	75555	117	2.85704	633	633	633	633	1	75555	633	750	750	750	750	1	75438	750	0			0			0		76188														
Recording1	p01	26-33	male	Timeline1	Entire Recording	1	cake,cereal,date,fixation,ice-cream,instruction,pizza,thanks	high,low	Nutrition	specifications			800	160	133	200	5	59722	150	picture		3.03841	800	160	133	200	5	59722	150	3.03841	1217	1217	1217	1217	1	59722	1217	1233	1233	1233	1233	1	59705	1233	0			0			0																
Recording1	p01	26-33	male	Timeline1	Entire Recording	1	cake,cereal,date,fixation,ice-cream,instruction,pizza,thanks	high,low	picture	Picture			1261	105	28	183	12	78144	28	picture		2.83718	1233	112	67	183	11	78189	100	2.83467	1861	372	83	1361	5	78144	1361	2095	419	100	1361	5	78144	1361	0			0			3	80372	80539	388.8													
Recording1	p01	26-33	male	Timeline1	Entire Recording	1	cake,cereal,date,fixation,ice-cream,instruction,pizza,thanks	high,low	picture	Picture			700	100	56	144	7	84594	144	picture		2.86195	500	100	67	133	5	84905	133	2.87808	1017	339	56	517	3	84594	444	1050	350	73	534	3	84594	444	0			0			2	87621		69.7													
Recording1	p01	26-33	male	Timeline1	Entire Recording	1	cake,cereal,date,fixation,ice-cream,instruction,pizza,thanks	high,low	picture	Picture			967	138	67	217	7	63994	145	picture		2.8481	650	130	67	217	5	64189	67	2.82976	1101	220	83	400	5	63994	261	1317	263	189	450	5	63994	261	0			0			0	64789	65706	38.53													
Recording1	p01	26-33	male	Timeline1	Entire Recording	1	cake,cereal,date,fixation,ice-cream,instruction,pizza,thanks	high,low	picture	Picture			994	166	67	277	6	72027	277	picture		2.78356	716	143	67	200	5	72338	133	2.78656	1061	265	183	444	4	72027	444	1144	286	216	444	4	72027	444	0			0			2	76755	72472	300.54													
Recording1	p01	26-33	male	Timeline1	Entire Recording	1	cake,cereal,date,fixation,ice-cream,instruction,pizza,thanks	high,low	picture	Picture			1283	160	67	283	8	56072	150	picture		2.82075	1283	160	67	283	8	56072	150	2.82075	1683	421	117	750	4	56072	533	1850	462	167	767	4	56022	583	0			0			2	56022	56605	64.1													
Recording1	p01	26-33	male	Timeline1	Entire Recording	1	cake,cereal,date,fixation,ice-cream,instruction,pizza,thanks	high,low	price	specifications			67	67	67	67	1	80705	67	picture		2.77167	67	67	67	67	1	80705	67	2.77167	67	67	67	67	1	80705	67	83	83	83	83	1	80689	83	0			0			0	80689		67.05													
Recording1	p01	26-33	male	Timeline1	Entire Recording	1	cake,cereal,date,fixation,ice-cream,instruction,pizza,thanks	high,low	price	specifications			0				0			picture			0				0				0				0			0				0			0			0			0																
Recording1	p01	26-33	male	Timeline1	Entire Recording	1	cake,cereal,date,fixation,ice-cream,instruction,pizza,thanks	high,low	price	specifications			333	167	117	217	2	67522	117	picture		2.69519	333	167	117	217	2	67522	117	2.69519	333	167	117	217	2	67522	117	367	183	133	233	2	67506	133	0			0			0		68155														
Recording1	p01	26-33	male	Timeline1	Entire Recording	1	cake,cereal,date,fixation,ice-cream,instruction,pizza,thanks	high,low	price	specifications			0				0			picture			0				0				0				0			0				0			0			0			0																
Recording1	p01	26-33	male	Timeline1	Entire Recording	1	cake,cereal,date,fixation,ice-cream,instruction,pizza,thanks	high,low	price	specifications			267	133	83	183	2	57322	183	picture		2.90706	267	133	83	183	2	57322	183	2.90706	317	317	317	317	1	57322	317	384	384	384	384	1	57255	384	0			0			0	57255	57639	66.58													
Recording2	P2	33-45	female	Timeline1	cake	1	cake	high	buy		buy		217	217	217	217	1	8257	217	name	name	2.90886	217	217	217	217	1	8257	217	2.90886	217	217	217	217	1	8257	217	234	234	234	234	1	8240	234	1	8689	432	0			0		8474														
Recording2	P2	33-45	female	Timeline1	cake	1	cake	high	ingredients	specifications			516	258	250	267	2	7291	267	name	name	2.84823	516	258	250	267	2	7291	267	2.84823	583	583	583	583	1	7291	583	600	600	600	600	1	7274	600	0			0			0	7274		77.82													
Recording2	P2	33-45	female	Timeline1	cake	1	cake	high	name	name			743	248	176	317	3	557	317	name	name	2.96448	567	283	250	317	2	557	317	2.9879	743	248	176	317	3	557	317	859	286	243	333	3	541	333	0			0			0	541	4107	90.85													
Recording2	P2	33-45	female	Timeline1	cake	1	cake	high	not-buy		not-buy		0				0			name	name		0				0				0				0			0				0			0			0			0																
Recording2	P2	33-45	female	Timeline1	cake	1	cake	high	Nutrition	specifications			1300	108	67	183	12	4190	116	name	name	2.81773	1300	108	67	183	12	4190	116	2.81773	2467	1233	1083	1383	2	4190	1083	2600	1300	1166	1433	2	4107	1166	0			0			6	4107		360.11													
Recording2	P2	33-45	female	Timeline1	cake	1	cake	high	picture	Picture			1457	182	100	333	8	0	324	name	name	3.06901	1133	162	100	333	7	957	117	3.08465	2041	1020	324	1717	2	0	324	2091	1045	324	1767	2	0	324	0			0			2		324														
Recording2	P2	33-45	female	Timeline1	cake	1	cake	high	price	specifications			0				0			name	name		0				0				0				0			0				0			0			0			0																
Recording2	P2	33-45	female	Timeline1	cereal	1	cereal	low	buy		buy		417	104	83	150	4	5856	150	name	name	2.63221	417	104	83	150	4	5856	150	2.63221	701	701	701	701	1	5856	701	717	717	717	717	1	5839	717	1	6832	976	0			1																
Recording2	P2	33-45	female	Timeline1	cereal	1	cereal	low	ingredients	specifications			83	83	83	83	1	1923	83	name	name	2.64098	83	83	83	83	1	1923	83	2.64098	83	83	83	83	1	1923	83	117	117	117	117	1	1890	117	0			0			0	1890	2007	38.98													
Recording2	P2	33-45	female	Timeline1	cereal	1	cereal	low	name	name			876	125	10	233	7	473	233	name	name	2.70263	866	144	67	233	6	473	233	2.70163	893	149	10	233	6	473	233	1110	185	27	317	6	456	250	0			0			1	456	706	47.96													
Recording2	P2	33-45	female	Timeline1	cereal	1	cereal	low	not-buy		not-buy		0				0			name	name		0				0				0				0			0				0			0			0			0																
Recording2	P2	33-45	female	Timeline1	cereal	1	cereal	low	Nutrition	specifications			566	142	117	166	4	3390	166	name	name	2.68287	566	142	117	166	4	3390	166	2.68287	1016	1016	1016	1016	1	3390	1016	1033	1033	1033	1033	1	3373	1033	0			0			1		4406														
Recording2	P2	33-45	female	Timeline1	cereal	1	cereal	low	picture	Picture			883	126	67	300	7	6	83	name	name	2.57666	883	126	67	300	7	6	83	2.57666	1133	378	183	650	3	6	183	1240	413	189	667	3	0	189	0			0			3	4406	4789	311.41													
Recording2	P2	33-45	female	Timeline1	cereal	1	cereal	low	price	specifications			67	67	67	67	1	2440	67	name	name	2.65322	67	67	67	67	1	2440	67	2.65322	67	67	67	67	1	2440	67	100	100	100	100	1	2407	100	0			0			0	2407	2507	55.78													
Recording2	P2	33-45	female	Timeline1	date	1	date	low	buy		buy		117	117	117	117	1	6944	117	picture	picture	2.75877	117	117	117	117	1	6944	117	2.75877	117	117	117	117	1	6944	117	133	133	133	133	1	6927	133	1	7268	324	0			0																
Recording2	P2	33-45	female	Timeline1	date	1	date	low	ingredients	specifications			0				0			picture	picture		0				0				0				0			0				0			0			0			0																
Recording2	P2	33-45	female	Timeline1	date	1	date	low	name	name			1000	167	83	233	6	677	233	picture	picture	2.74569	1000	167	83	233	6	677	233	2.74569	1283	1283	1283	1283	1	677	1283	1300	1300	1300	1300	1	660	1300	0			0			3																
Recording2	P2	33-45	female	Timeline1	date	1	date	low	not-buy		not-buy		0				0			picture	picture		0				0				0				0			0				0			0			0			0																
Recording2	P2	33-45	female	Timeline1	date	1	date	low	Nutrition	specifications			767	110	67	250	7	2594	67	picture	picture	2.81074	767	110	67	250	7	2594	67	2.81074	1366	683	67	1299	2	2594	67	1433	716	117	1316	2	2544	117	0			0			1		6044														
Recording2	P2	33-45	female	Timeline1	date	1	date	low	picture	Picture			717	143	40	260	5	0	260	picture	picture	2.83214	417	139	67	200	3	344	150	2.75935	800	200	40	494	4	0	494	900	225	56	494	4	0	494	0			0			0	3444		170.27													
Recording2	P2	33-45	female	Timeline1	date	1	date	low	price	specifications			0				0			picture	picture		0				0				0				0			0				0			0			0			0																
Recording2	P2	33-45	female	Timeline1	ice-cream	1	ice-cream	high	buy		buy		367	183	133	233	2	9574	133	name	name	2.99268	367	183	133	233	2	9574	133	2.99268	484	484	484	484	1	9574	484	501	501	501	501	1	9557	501	1	10192	618	0			0		10057														
Recording2	P2	33-45	female	Timeline1	ice-cream	1	ice-cream	high	ingredients	specifications			783	196	150	233	4	4457	150	name	name	2.96796	783	196	150	233	4	4457	150	2.96796	950	950	950	950	1	4457	950	983	983	983	983	1	4424	983	0			0			2	4424		58.86													
Recording2	P2	33-45	female	Timeline1	ice-cream	1	ice-cream	high	name	name			776	155	117	233	5	341	167	name	name	2.79308	650	163	117	233	4	341	167	2.75781	793	198	117	417	4	341	417	1043	261	167	500	4	257	500	0			0			1	1541	757	86.49													
Recording2	P2	33-45	female	Timeline1	ice-cream	1	ice-cream	high	not-buy		not-buy		0				0			name	name		0				0				0				0			0				0			0			0			0																
Recording2	P2	33-45	female	Timeline1	ice-cream	1	ice-cream	high	Nutrition	specifications			233	117	100	133	2	8041	100	name	name	2.81975	233	117	100	133	2	8041	100	2.81975	233	117	100	133	2	8041	100	350	175	150	200	2	7941	200	0			0			0	7941		306.66													
Recording2	P2	33-45	female	Timeline1	ice-cream	1	ice-cream	high	picture	Picture			2258	161	57	317	14	0	57	name	name	2.74995	2200	169	67	317	13	74	133	2.74841	2908	582	133	1533	5	0	207	3174	635	207	1600	5	0	207	0			0			5	3291	7157	160.43													
Recording2	P2	33-45	female	Timeline1	ice-cream	1	ice-cream	high	price	specifications			200	200	200	200	1	4224	200	name	name	2.92482	200	200	200	200	1	4224	200	2.92482	200	200	200	200	1	4224	200	217	217	217	217	1	4207	217	0			0			0		4424														
Recording2	P2	33-45	female	Timeline1	pizza	1	pizza	high	buy		buy		400	200	83	317	2	4707	83	not-buy		2.93434	400	200	83	317	2	4707	83	2.93434	417	417	417	417	1	4707	417	500	500	500	500	1	4623	500	0			0			1	4623	5123	244.87													
Recording2	P2	33-45	female	Timeline1	pizza	1	pizza	high	ingredients	specifications			167	167	167	167	1	4140	167	not-buy		3.03785	167	167	167	167	1	4140	167	3.03785	167	167	167	167	1	4140	167	233	233	233	233	1	4073	233	0			0			0	4073		63.56													
Recording2	P2	33-45	female	Timeline1	pizza	1	pizza	high	name	name			433	433	433	433	1	2806	433	not-buy		2.79498	433	433	433	433	1	2806	433	2.79498	433	433	433	433	1	2806	433	483	483	483	483	1	2756	483	0			0			0	2756	3239	145.17													
Recording2	P2	33-45	female	Timeline1	pizza	1	pizza	high	not-buy		not-buy		617	154	100	233	4	5290	100	not-buy		2.91687	617	154	100	233	4	5290	100	2.91687	833	833	833	833	1	5290	833	867	867	867	867	1	5257	867	1	6115	825	0			1	5257		102.49													
Recording2	P2	33-45	female	Timeline1	pizza	1	pizza	high	Nutrition	specifications			1166	194	83	433	6	990	183	not-buy		2.87039	1166	194	83	433	6	990	183	2.87039	1383	1383	1383	1383	1	990	1383	1450	1450	1450	1450	1	923	1450	0			0			3	923		362.32													
Recording2	P2	33-45	female	Timeline1	pizza	1	pizza	high	picture	Picture			873	175	67	423	5	0	423	not-buy		2.81225	450	113	67	183	4	456	67	2.79946	940	313	133	523	3	0	523	1007	336	184	523	3	0	523	0			0			2		2756														
Recording2	P2	33-45	female	Timeline1	pizza	1	pizza	high	price	specifications			133	133	133	133	1	3940	133	not-buy		3.06919	133	133	133	133	1	3940	133	3.06919	133	133	133	133	1	3940	133	150	150	150	150	1	3923	150	0			0			0	3923	4073	109.71													
Recording2	P2	33-45	female	Timeline1	Entire Recording	1	cake,cereal,date,fixation,ice-cream,instruction,pizza,thanks	high,low	buy		buy		117	117	117	117	1	102974	117	picture		2.75877	117	117	117	117	1	102974	117	2.75877	117	117	117	117	1	102974	117	133	133	133	133	1	102957	133	1	103298	324	0			0																
Recording2	P2	33-45	female	Timeline1	Entire Recording	1	cake,cereal,date,fixation,ice-cream,instruction,pizza,thanks	high,low	buy		buy		217	217	217	217	1	93787	217	picture		2.90886	217	217	217	217	1	93787	217	2.90886	217	217	217	217	1	93787	217	234	234	234	234	1	93770	234	1	94219	432	0			0		94004														
Recording2	P2	33-45	female	Timeline1	Entire Recording	1	cake,cereal,date,fixation,ice-cream,instruction,pizza,thanks	high,low	buy		buy		417	104	83	150	4	72019	150	picture		2.63221	417	104	83	150	4	72019	150	2.63221	701	701	701	701	1	72019	701	717	717	717	717	1	72003	717	1	72995	976	0			1																
Recording2	P2	33-45	female	Timeline1	Entire Recording	1	cake,cereal,date,fixation,ice-cream,instruction,pizza,thanks	high,low	buy		buy		367	183	133	233	2	84287	133	picture		2.99268	367	183	133	233	2	84287	133	2.99268	484	484	484	484	1	84287	484	501	501	501	501	1	84270	501	1	84905	618	0			0		84771														
Recording2	P2	33-45	female	Timeline1	Entire Recording	1	cake,cereal,date,fixation,ice-cream,instruction,pizza,thanks	high,low	buy		buy		400	200	83	317	2	62787	83	picture		2.93434	400	200	83	317	2	62787	83	2.93434	417	417	417	417	1	62787	417	500	500	500	500	1	62703	500	0			0			1	62703	63203	244.87													
Recording2	P2	33-45	female	Timeline1	Entire Recording	1	cake,cereal,date,fixation,ice-cream,instruction,pizza,thanks	high,low	ingredients	specifications			0				0			picture			0				0				0				0			0				0			0			0			0																
Recording2	P2	33-45	female	Timeline1	Entire Recording	1	cake,cereal,date,fixation,ice-cream,instruction,pizza,thanks	high,low	ingredients	specifications			516	258	250	267	2	92821	267	picture		2.84823	516	258	250	267	2	92821	267	2.84823	583	583	583	583	1	92821	583	600	600	600	600	1	92804	600	0			0			0	92804		77.82													
Recording2	P2	33-45	female	Timeline1	Entire Recording	1	cake,cereal,date,fixation,ice-cream,instruction,pizza,thanks	high,low	ingredients	specifications			83	83	83	83	1	68087	83	picture		2.64098	83	83	83	83	1	68087	83	2.64098	83	83	83	83	1	68087	83	117	117	117	117	1	68053	117	0			0			0	68053	68170	38.98													
Recording2	P2	33-45	female	Timeline1	Entire Recording	1	cake,cereal,date,fixation,ice-cream,instruction,pizza,thanks	high,low	ingredients	specifications			783	196	150	233	4	79171	150	picture		2.96796	783	196	150	233	4	79171	150	2.96796	950	950	950	950	1	79171	950	983	983	983	983	1	79137	983	0			0			2	79137		58.86													
Recording2	P2	33-45	female	Timeline1	Entire Recording	1	cake,cereal,date,fixation,ice-cream,instruction,pizza,thanks	high,low	ingredients	specifications			167	167	167	167	1	62220	167	picture		3.03785	167	167	167	167	1	62220	167	3.03785	167	167	167	167	1	62220	167	233	233	233	233	1	62153	233	0			0			0	62153		63.56													
Recording2	P2	33-45	female	Timeline1	Entire Recording	1	cake,cereal,date,fixation,ice-cream,instruction,pizza,thanks	high,low	name	name			1000	167	83	233	6	96707	233	picture		2.74569	1000	167	83	233	6	96707	233	2.74569	1283	1283	1283	1283	1	96707	1283	1300	1300	1300	1300	1	96690	1300	0			0			3																
Recording2	P2	33-45	female	Timeline1	Entire Recording	1	cake,cereal,date,fixation,ice-cream,instruction,pizza,thanks	high,low	name	name			743	248	176	317	3	86087	317	picture		2.96448	567	283	250	317	2	86087	317	2.9879	743	248	176	317	3	86087	317	859	286	243	333	3	86071	333	0			0			0	86071	89637	90.85													
Recording2	P2	33-45	female	Timeline1	Entire Recording	1	cake,cereal,date,fixation,ice-cream,instruction,pizza,thanks	high,low	name	name			876	125	10	233	7	66636	233	picture		2.70263	866	144	67	233	6	66636	233	2.70163	893	149	10	233	6	66636	233	1110	185	27	317	6	66620	250	0			0			1	66620	66870	47.96													
Recording2	P2	33-45	female	Timeline1	Entire Recording	1	cake,cereal,date,fixation,ice-cream,instruction,pizza,thanks	high,low	name	name			776	155	117	233	5	75054	167	picture		2.79308	650	163	117	233	4	75054	167	2.75781	793	198	117	417	4	75054	417	1043	261	167	500	4	74971	500	0			0			1	76254	75471	86.49													
Recording2	P2	33-45	female	Timeline1	Entire Recording	1	cake,cereal,date,fixation,ice-cream,instruction,pizza,thanks	high,low	name	name			433	433	433	433	1	60886	433	picture		2.79498	433	433	433	433	1	60886	433	2.79498	433	433	433	433	1	60886	433	483	483	483	483	1	60836	483	0			0			0	60836	61319	145.17													
Recording2	P2	33-45	female	Timeline1	Entire Recording	1	cake,cereal,date,fixation,ice-cream,instruction,pizza,thanks	high,low	not-buy		not-buy		0				0			picture			0				0				0				0			0				0			0			0			0																
Recording2	P2	33-45	female	Timeline1	Entire Recording	1	cake,cereal,date,fixation,ice-cream,instruction,pizza,thanks	high,low	not-buy		not-buy		0				0			picture			0				0				0				0			0				0			0			0			0																
Recording2	P2	33-45	female	Timeline1	Entire Recording	1	cake,cereal,date,fixation,ice-cream,instruction,pizza,thanks	high,low	not-buy		not-buy		0				0			picture			0				0				0				0			0				0			0			0			0																
Recording2	P2	33-45	female	Timeline1	Entire Recording	1	cake,cereal,date,fixation,ice-cream,instruction,pizza,thanks	high,low	not-buy		not-buy		0				0			picture			0				0				0				0			0				0			0			0			0																
Recording2	P2	33-45	female	Timeline1	Entire Recording	1	cake,cereal,date,fixation,ice-cream,instruction,pizza,thanks	high,low	not-buy		not-buy		617	154	100	233	4	63370	100	picture		2.91687	617	154	100	233	4	63370	100	2.91687	833	833	833	833	1	63370	833	867	867	867	867	1	63337	867	1	64195	825	0			1	63337	64203	102.49													
Recording2	P2	33-45	female	Timeline1	Entire Recording	1	cake,cereal,date,fixation,ice-cream,instruction,pizza,thanks	high,low	Nutrition	specifications			767	110	67	250	7	98624	67	picture		2.81074	767	110	67	250	7	98624	67	2.81074	1366	683	67	1299	2	98624	67	1433	716	117	1316	2	98574	117	0			0			1		102074														
Recording2	P2	33-45	female	Timeline1	Entire Recording	1	cake,cereal,date,fixation,ice-cream,instruction,pizza,thanks	high,low	Nutrition	specifications			1300	108	67	183	12	89720	116	picture		2.81773	1300	108	67	183	12	89720	116	2.81773	2467	1233	1083	1383	2	89720	1083	2600	1300	1166	1433	2	89637	1166	0			0			6	89637		360.11													
Recording2	P2	33-45	female	Timeline1	Entire Recording	1	cake,cereal,date,fixation,ice-cream,instruction,pizza,thanks	high,low	Nutrition	specifications			566	142	117	166	4	69553	166	picture		2.68287	566	142	117	166	4	69553	166	2.68287	1016	1016	1016	1016	1	69553	1016	1033	1033	1033	1033	1	69537	1033	0			0			1		70569														
Recording2	P2	33-45	female	Timeline1	Entire Recording	1	cake,cereal,date,fixation,ice-cream,instruction,pizza,thanks	high,low	Nutrition	specifications			233	117	100	133	2	82754	100	picture		2.81975	233	117	100	133	2	82754	100	2.81975	233	117	100	133	2	82754	100	350	175	150	200	2	82654	200	0			0			0	82654		306.66													
Recording2	P2	33-45	female	Timeline1	Entire Recording	1	cake,cereal,date,fixation,ice-cream,instruction,pizza,thanks	high,low	Nutrition	specifications			1166	194	83	433	6	59070	183	picture		2.87039	1166	194	83	433	6	59070	183	2.87039	1383	1383	1383	1383	1	59070	1383	1450	1450	1450	1450	1	59003	1450	0			0			3	59003		362.32													
Recording2	P2	33-45	female	Timeline1	Entire Recording	1	cake,cereal,date,fixation,ice-cream,instruction,pizza,thanks	high,low	picture	Picture			717	143	40	260	5	96030	260	picture		2.83214	417	139	67	200	3	96374	150	2.75935	800	200	40	494	4	96030	494	900	225	56	494	4	96030	494	0			0			0	99474		170.27													
Recording2	P2	33-45	female	Timeline1	Entire Recording	1	cake,cereal,date,fixation,ice-cream,instruction,pizza,thanks	high,low	picture	Picture			1457	182	100	333	8	85530	324	picture		3.06901	1133	162	100	333	7	86487	117	3.08465	2041	1020	324	1717	2	85530	324	2091	1045	324	1767	2	85530	324	0			0			2		85854														
Recording2	P2	33-45	female	Timeline1	Entire Recording	1	cake,cereal,date,fixation,ice-cream,instruction,pizza,thanks	high,low	picture	Picture			883	126	67	300	7	66169	83	picture		2.57666	883	126	67	300	7	66169	83	2.57666	1133	378	183	650	3	66169	183	1250	417	200	667	3	66153	200	0			0			3	66153	70953	58.73													
Recording2	P2	33-45	female	Timeline1	Entire Recording	1	cake,cereal,date,fixation,ice-cream,instruction,pizza,thanks	high,low	picture	Picture			2258	161	57	317	14	74713	57	picture		2.74995	2200	169	67	317	13	74787	133	2.74841	2908	582	133	1533	5	74713	207	3174	635	207	1600	5	74713	207	0			0			5	78004	81871	160.43													
Recording2	P2	33-45	female	Timeline1	Entire Recording	1	cake,cereal,date,fixation,ice-cream,instruction,pizza,thanks	high,low	picture	Picture			873	175	67	423	5	58080	423	picture		2.81225	450	113	67	183	4	58536	67	2.79946	940	313	133	523	3	58080	523	1007	336	184	523	3	58080	523	0			0			2		60836														
Recording2	P2	33-45	female	Timeline1	Entire Recording	1	cake,cereal,date,fixation,ice-cream,instruction,pizza,thanks	high,low	price	specifications			0				0			picture			0				0				0				0			0				0			0			0			0																
Recording2	P2	33-45	female	Timeline1	Entire Recording	1	cake,cereal,date,fixation,ice-cream,instruction,pizza,thanks	high,low	price	specifications			0				0			picture			0				0				0				0			0				0			0			0			0																
Recording2	P2	33-45	female	Timeline1	Entire Recording	1	cake,cereal,date,fixation,ice-cream,instruction,pizza,thanks	high,low	price	specifications			67	67	67	67	1	68603	67	picture		2.65322	67	67	67	67	1	68603	67	2.65322	67	67	67	67	1	68603	67	100	100	100	100	1	68570	100	0			0			0	68570	68670	55.78													
Recording2	P2	33-45	female	Timeline1	Entire Recording	1	cake,cereal,date,fixation,ice-cream,instruction,pizza,thanks	high,low	price	specifications			200	200	200	200	1	78937	200	picture		2.92482	200	200	200	200	1	78937	200	2.92482	200	200	200	200	1	78937	200	217	217	217	217	1	78921	217	0			0			0		79137														
Recording2	P2	33-45	female	Timeline1	Entire Recording	1	cake,cereal,date,fixation,ice-cream,instruction,pizza,thanks	high,low	price	specifications			133	133	133	133	1	62020	133	picture		3.06919	133	133	133	133	1	62020	133	3.06919	133	133	133	133	1	62020	133	150	150	150	150	1	62003	150	0			0			0	62003	62153	109.71													
Recording3	p03	18-25	female	Timeline1	cake	1	cake	high	buy		buy		133	133	133	133	1	9012	133	picture	picture	2.94091	133	133	133	133	1	9012	133	2.94091	133	133	133	133	1	9012	133	183	183	183	183	1	8962	183	1	9283	271	0			0		9146														
Recording3	p03	18-25	female	Timeline1	cake	1	cake	high	ingredients	specifications			0				0			picture	picture		0				0				0				0			0				0			0			0			0																
Recording3	p03	18-25	female	Timeline1	cake	1	cake	high	name	name			2220	202	100	533	11	874	250	picture	picture	2.88982	2220	202	100	533	11	874	250	2.88982	2638	659	350	854	4	874	854	2788	697	383	904	4	824	904	0			0			5	4545	1728	34.21													
Recording3	p03	18-25	female	Timeline1	cake	1	cake	high	not-buy		not-buy		0				0			picture	picture		0				0				0				0			0				0			0			0			0																
Recording3	p03	18-25	female	Timeline1	cake	1	cake	high	Nutrition	specifications			200	100	67	133	2	625	133	picture	picture	3.00556	200	100	67	133	2	625	133	3.00556	200	100	67	133	2	625	133	350	175	150	200	2	558	200	0			0			0	558		238.97													
Recording3	p03	18-25	female	Timeline1	cake	1	cake	high	picture	Picture			2896	161	67	467	18	0	275	picture	picture	2.88534	2516	157	67	467	16	3095	117	2.88863	3979	796	104	2117	5	0	275	4179	836	171	2133	5	0	275	0			0			5	5162	4112	341.31													
Recording3	p03	18-25	female	Timeline1	cake	1	cake	high	price	specifications			0				0			picture	picture		0				0				0				0			0				0			0			0			0																
Recording3	p03	18-25	female	Timeline1	cereal	1	cereal	low	buy		buy		0				0			Nutrition	Nutrition		0				0				0				0			0				0			0			0			0																
Recording3	p03	18-25	female	Timeline1	cereal	1	cereal	low	ingredients	specifications			883	177	83	333	5	3581	133	Nutrition	Nutrition	2.81207	883	177	83	333	5	3581	133	2.81207	1150	575	133	1017	2	3581	133	1267	633	233	1033	2	3481	233	0			0			0																
Recording3	p03	18-25	female	Timeline1	cereal	1	cereal	low	name	name			366	183	166	200	2	1031	166	Nutrition	Nutrition	2.70726	366	183	166	200	2	1031	166	2.70726	383	383	383	383	1	1031	383	400	400	400	400	1	1015	400	0			0			1		1415														
Recording3	p03	18-25	female	Timeline1	cereal	1	cereal	low	not-buy		not-buy		200	200	200	200	1	7219	200	Nutrition	Nutrition	2.9155	200	200	200	200	1	7219	200	2.9155	200	200	200	200	1	7219	200	217	217	217	217	1	7203	217	1	8426	1206	0			0																
Recording3	p03	18-25	female	Timeline1	cereal	1	cereal	low	Nutrition	specifications			1797	128	83	217	14	1765	100	Nutrition	Nutrition	2.82331	1650	127	83	217	13	1765	100	2.81641	2964	741	133	1667	4	1765	1667	3097	774	150	1683	4	1748	1683	0			0			4	8236		353.71													
Recording3	p03	18-25	female	Timeline1	cereal	1	cereal	low	picture	Picture			865	173	67	415	5	0	415	Nutrition	Nutrition	2.70742	450	113	67	167	4	615	67	2.71087	1215	405	133	915	3	0	915	1331	444	200	915	3	0	915	0			0			0	1415	8236	197.76													
Recording3	p03	18-25	female	Timeline1	cereal	1	cereal	low	price	specifications			0				0			Nutrition	Nutrition		0				0				0				0			0				0			0			0			0																
Recording3	p03	18-25	female	Timeline1	date	1	date	low	buy		buy		0				0			not-buy	not-buy		0				0				0				0			0				0			0			0			0																
Recording3	p03	18-25	female	Timeline1	date	1	date	low	ingredients	specifications			467	156	134	183	3	3541	134	not-buy	not-buy	2.83646	467	156	134	183	3	3541	134	2.83646	801	400	134	667	2	3541	134	1034	517	217	817	2	3458	217	0			0			0		8842														
Recording3	p03	18-25	female	Timeline1	date	1	date	low	name	name			1167	292	117	634	4	452	634	not-buy	not-buy	2.82281	1167	292	117	634	4	452	634	2.82281	1250	625	433	817	2	452	817	1350	675	517	834	2	436	834	0			0			2	4275		415.13													
Recording3	p03	18-25	female	Timeline1	date	1	date	low	not-buy		not-buy		158	79	75	83	2	6341	83	not-buy	not-buy	2.87027	83	83	83	83	1	6341	83	2.92875	158	79	75	83	2	6341	83	242	121	100	142	2	6324	100	1	9250	2909	0			0																
Recording3	p03	18-25	female	Timeline1	date	1	date	low	Nutrition	specifications			1833	108	67	200	17	1519	100	not-buy	not-buy	2.90096	1833	108	67	200	17	1519	100	2.90096	3921	1307	1100	1655	3	1519	1655	4038	1346	1133	1705	3	1469	1705	0			0			6	1469		309.85													
Recording3	p03	18-25	female	Timeline1	date	1	date	low	picture	Picture			552	184	117	286	3	0	286	not-buy	not-buy	2.86913	267	133	117	150	2	1319	150	2.80819	552	184	117	286	3	0	286	652	217	167	286	3	0	286	0			0			0	8842	1469	416.29													
Recording3	p03	18-25	female	Timeline1	date	1	date	low	price	specifications			333	167	100	233	2	3891	100	not-buy	not-buy	2.93823	333	167	100	233	2	3891	100	2.93823	383	383	383	383	1	3891	383	400	400	400	400	1	3875	400	0			0			0		4275														
Recording3	p03	18-25	female	Timeline1	ice-cream	1	ice-cream	high	buy		buy		133	133	133	133	1	3315	133	picture	picture	2.93449	133	133	133	133	1	3315	133	2.93449	133	133	133	133	1	3315	133	150	150	150	150	1	3298	150	1	5840	2526	0			0																
Recording3	p03	18-25	female	Timeline1	ice-cream	1	ice-cream	high	ingredients	specifications			0				0			picture	picture		0				0				0				0			0				0			0			0			0																
Recording3	p03	18-25	female	Timeline1	ice-cream	1	ice-cream	high	name	name			1588	176	83	317	9	477	317	picture	picture	2.8701	1588	176	83	317	9	477	317	2.8701	1722	344	267	433	5	477	317	1838	368	300	467	5	460	333	0			0			2	460		93.65													
Recording3	p03	18-25	female	Timeline1	ice-cream	1	ice-cream	high	not-buy		not-buy		0				0			picture	picture		0				0				0				0			0				0			0			0			0																
Recording3	p03	18-25	female	Timeline1	ice-cream	1	ice-cream	high	Nutrition	specifications			183	183	183	183	1	5415	183	picture	picture	2.78639	183	183	183	183	1	5415	183	2.78639	183	183	183	183	1	5415	183	216	216	216	216	1	5382	216	0			0			0																
Recording3	p03	18-25	female	Timeline1	ice-cream	1	ice-cream	high	picture	Picture			1085	121	67	167	9	10	167	picture	picture	2.85687	967	121	67	167	8	10	167	2.87123	1419	284	119	517	5	10	450	1545	309	167	533	5	0	460	0			0			1		460														
Recording3	p03	18-25	female	Timeline1	ice-cream	1	ice-cream	high	price	specifications			0				0			picture	picture		0				0				0				0			0				0			0			0			0																
Recording3	p03	18-25	female	Timeline1	pizza	1	pizza	high	buy		buy		667	167	67	267	4	4210	183	picture	picture	2.99013	667	167	67	267	4	4210	183	2.99013	717	239	67	500	3	4210	500	817	272	83	550	3	4160	550	1	9770	5560	0			0	4160	6910	357.92													
Recording3	p03	18-25	female	Timeline1	pizza	1	pizza	high	ingredients	specifications			317	106	67	134	3	3793	134	picture	picture	2.82775	317	106	67	134	3	3793	134	2.82775	317	106	67	134	3	3793	134	450	150	83	234	3	3693	234	0			0			0	3693		313.77													
Recording3	p03	18-25	female	Timeline1	pizza	1	pizza	high	name	name			1334	191	67	633	7	1042	84	picture	picture	2.94477	1250	208	67	633	6	3576	117	2.95427	1434	358	84	1033	4	1042	84	1517	379	84	1050	4	1042	84	0			0			2	3543	3693	73.52													
Recording3	p03	18-25	female	Timeline1	pizza	1	pizza	high	not-buy		not-buy		100	100	100	100	1	1909	100	picture	picture	3.00173	100	100	100	100	1	1909	100	3.00173	100	100	100	100	1	1909	100	133	133	133	133	1	1876	133	0			0			0																
Recording3	p03	18-25	female	Timeline1	pizza	1	pizza	high	Nutrition	specifications			450	150	83	250	3	2593	117	picture	picture	2.93216	450	150	83	250	3	2593	117	2.93216	700	350	250	450	2	2593	450	800	400	333	466	2	2576	466	0			0			0		5210														
Recording3	p03	18-25	female	Timeline1	pizza	1	pizza	high	picture	Picture			2497	166	83	367	15	0	174	picture	picture	2.894	2217	171	83	367	13	190	83	2.90641	2931	266	83	583	11	0	507	3431	312	100	600	11	0	507	0			0			1	5210	1393	374.86													
Recording3	p03	18-25	female	Timeline1	pizza	1	pizza	high	price	specifications			83	83	83	83	1	4077	83	picture	picture	2.77363	83	83	83	83	1	4077	83	2.77363	83	83	83	83	1	4077	83	100	100	100	100	1	4060	100	0			0			0		4160														
Recording3	p03	18-25	female	Timeline1	Entire Recording	1	cake,cereal,date,fixation,ice-cream,instruction,pizza,thanks	high,low	buy		buy		0				0			picture			0				0				0				0			0				0			0			0			0																
Recording3	p03	18-25	female	Timeline1	Entire Recording	1	cake,cereal,date,fixation,ice-cream,instruction,pizza,thanks	high,low	buy		buy		133	133	133	133	1	106598	133	picture		2.94091	133	133	133	133	1	106598	133	2.94091	133	133	133	133	1	106598	133	183	183	183	183	1	106548	183	1	106869	271	0			0		106731														
Recording3	p03	18-25	female	Timeline1	Entire Recording	1	cake,cereal,date,fixation,ice-cream,instruction,pizza,thanks	high,low	buy		buy		0				0			picture			0				0				0				0			0				0			0			0			0																
Recording3	p03	18-25	female	Timeline1	Entire Recording	1	cake,cereal,date,fixation,ice-cream,instruction,pizza,thanks	high,low	buy		buy		133	133	133	133	1	73850	133	picture		2.93449	133	133	133	133	1	73850	133	2.93449	133	133	133	133	1	73850	133	150	150	150	150	1	73833	150	1	76376	2526	0			0																
Recording3	p03	18-25	female	Timeline1	Entire Recording	1	cake,cereal,date,fixation,ice-cream,instruction,pizza,thanks	high,low	buy		buy		667	167	67	267	4	64612	183	picture		2.99013	667	167	67	267	4	64612	183	2.99013	717	239	67	500	3	64612	500	817	272	83	550	3	64562	550	1	70172	5560	0			0	64562	67312	357.92													
Recording3	p03	18-25	female	Timeline1	Entire Recording	1	cake,cereal,date,fixation,ice-cream,instruction,pizza,thanks	high,low	ingredients	specifications			467	156	134	183	3	91276	134	picture		2.83646	467	156	134	183	3	91276	134	2.83646	801	400	134	667	2	91276	134	1034	517	217	817	2	91193	217	0			0			0		96577														
Recording3	p03	18-25	female	Timeline1	Entire Recording	1	cake,cereal,date,fixation,ice-cream,instruction,pizza,thanks	high,low	ingredients	specifications			0				0			picture			0				0				0				0			0				0			0			0			0																
Recording3	p03	18-25	female	Timeline1	Entire Recording	1	cake,cereal,date,fixation,ice-cream,instruction,pizza,thanks	high,low	ingredients	specifications			883	177	83	333	5	80617	133	picture		2.81207	883	177	83	333	5	80617	133	2.81207	1150	575	133	1017	2	80617	133	1267	633	233	1033	2	80517	233	0			0			0																
Recording3	p03	18-25	female	Timeline1	Entire Recording	1	cake,cereal,date,fixation,ice-cream,instruction,pizza,thanks	high,low	ingredients	specifications			0				0			picture			0				0				0				0			0				0			0			0			0																
Recording3	p03	18-25	female	Timeline1	Entire Recording	1	cake,cereal,date,fixation,ice-cream,instruction,pizza,thanks	high,low	ingredients	specifications			317	106	67	134	3	64195	134	picture		2.82775	317	106	67	134	3	64195	134	2.82775	317	106	67	134	3	64195	134	450	150	83	234	3	64095	234	0			0			0	64095		313.77													
Recording3	p03	18-25	female	Timeline1	Entire Recording	1	cake,cereal,date,fixation,ice-cream,instruction,pizza,thanks	high,low	name	name			1167	292	117	634	4	88188	634	picture		2.82281	1167	292	117	634	4	88188	634	2.82281	1250	625	433	817	2	88188	817	1350	675	517	834	2	88171	834	0			0			2	92010		415.13													
Recording3	p03	18-25	female	Timeline1	Entire Recording	1	cake,cereal,date,fixation,ice-cream,instruction,pizza,thanks	high,low	name	name			2220	202	100	533	11	98460	250	picture		2.88982	2220	202	100	533	11	98460	250	2.88982	2638	659	350	854	4	98460	854	2788	697	383	904	4	98409	904	0			0			5	102130	99314	34.21													
Recording3	p03	18-25	female	Timeline1	Entire Recording	1	cake,cereal,date,fixation,ice-cream,instruction,pizza,thanks	high,low	name	name			366	183	166	200	2	78067	166	picture		2.70726	366	183	166	200	2	78067	166	2.70726	383	383	383	383	1	78067	383	400	400	400	400	1	78050	400	0			0			1		78450														
Recording3	p03	18-25	female	Timeline1	Entire Recording	1	cake,cereal,date,fixation,ice-cream,instruction,pizza,thanks	high,low	name	name			1588	176	83	317	9	71012	317	picture		2.8701	1588	176	83	317	9	71012	317	2.8701	1722	344	267	433	5	71012	317	1838	368	300	467	5	70995	333	0			0			2	70995		93.65													
Recording3	p03	18-25	female	Timeline1	Entire Recording	1	cake,cereal,date,fixation,ice-cream,instruction,pizza,thanks	high,low	name	name			1334	191	67	633	7	61444	84	picture		2.94477	1250	208	67	633	6	63978	117	2.95427	1434	358	84	1033	4	61444	84	1517	379	84	1050	4	61444	84	0			0			2	63945	64095	73.52													
Recording3	p03	18-25	female	Timeline1	Entire Recording	1	cake,cereal,date,fixation,ice-cream,instruction,pizza,thanks	high,low	not-buy		not-buy		158	79	75	83	2	94076	83	picture		2.87027	83	83	83	83	1	94076	83	2.92875	158	79	75	83	2	94076	83	242	121	100	142	2	94060	100	1	96985	2909	0			0																
Recording3	p03	18-25	female	Timeline1	Entire Recording	1	cake,cereal,date,fixation,ice-cream,instruction,pizza,thanks	high,low	not-buy		not-buy		0				0			picture			0				0				0				0			0				0			0			0			0																
Recording3	p03	18-25	female	Timeline1	Entire Recording	1	cake,cereal,date,fixation,ice-cream,instruction,pizza,thanks	high,low	not-buy		not-buy		200	200	200	200	1	84255	200	picture		2.9155	200	200	200	200	1	84255	200	2.9155	200	200	200	200	1	84255	200	217	217	217	217	1	84238	217	1	85461	1206	0			0																
Recording3	p03	18-25	female	Timeline1	Entire Recording	1	cake,cereal,date,fixation,ice-cream,instruction,pizza,thanks	high,low	not-buy		not-buy		0				0			picture			0				0				0				0			0				0			0			0			0																
Recording3	p03	18-25	female	Timeline1	Entire Recording	1	cake,cereal,date,fixation,ice-cream,instruction,pizza,thanks	high,low	not-buy		not-buy		100	100	100	100	1	62311	100	picture		3.00173	100	100	100	100	1	62311	100	3.00173	100	100	100	100	1	62311	100	133	133	133	133	1	62278	133	0			0			0																
Recording3	p03	18-25	female	Timeline1	Entire Recording	1	cake,cereal,date,fixation,ice-cream,instruction,pizza,thanks	high,low	Nutrition	specifications			1833	108	67	200	17	89255	100	picture		2.90096	1833	108	67	200	17	89255	100	2.90096	3921	1307	1100	1655	3	89255	1655	4038	1346	1133	1705	3	89205	1705	0			0			6	89205		309.85													
Recording3	p03	18-25	female	Timeline1	Entire Recording	1	cake,cereal,date,fixation,ice-cream,instruction,pizza,thanks	high,low	Nutrition	specifications			200	100	67	133	2	98210	133	picture		3.00556	200	100	67	133	2	98210	133	3.00556	200	100	67	133	2	98210	133	350	175	150	200	2	98143	200	0			0			0	98143		238.97													
Recording3	p03	18-25	female	Timeline1	Entire Recording	1	cake,cereal,date,fixation,ice-cream,instruction,pizza,thanks	high,low	Nutrition	specifications			1797	128	83	217	14	78800	100	picture		2.82331	1650	127	83	217	13	78800	100	2.81641	2964	741	133	1667	4	78800	1667	3097	774	150	1683	4	78783	1683	0			0			4	85271		353.71													
Recording3	p03	18-25	female	Timeline1	Entire Recording	1	cake,cereal,date,fixation,ice-cream,instruction,pizza,thanks	high,low	Nutrition	specifications			183	183	183	183	1	75951	183	picture		2.78639	183	183	183	183	1	75951	183	2.78639	183	183	183	183	1	75951	183	216	216	216	216	1	75917	216	0			0			0																
Recording3	p03	18-25	female	Timeline1	Entire Recording	1	cake,cereal,date,fixation,ice-cream,instruction,pizza,thanks	high,low	Nutrition	specifications			450	150	83	250	3	62995	117	picture		2.93216	450	150	83	250	3	62995	117	2.93216	700	350	250	450	2	62995	450	800	400	333	466	2	62978	466	0			0			0		65612														
Recording3	p03	18-25	female	Timeline1	Entire Recording	1	cake,cereal,date,fixation,ice-cream,instruction,pizza,thanks	high,low	picture	Picture			552	184	117	286	3	87735	286	picture		2.86913	267	133	117	150	2	89055	150	2.80819	552	184	117	286	3	87735	286	652	217	167	286	3	87735	286	0			0			0	96577	89205	416.29													
Recording3	p03	18-25	female	Timeline1	Entire Recording	1	cake,cereal,date,fixation,ice-cream,instruction,pizza,thanks	high,low	picture	Picture			2896	161	67	467	18	97585	275	picture		2.88534	2516	157	67	467	16	100680	117	2.88863	3979	796	104	2117	5	97585	275	4179	836	171	2133	5	97585	275	0			0			5	102747	101697	341.31													
Recording3	p03	18-25	female	Timeline1	Entire Recording	1	cake,cereal,date,fixation,ice-cream,instruction,pizza,thanks	high,low	picture	Picture			865	173	67	415	5	77035	415	picture		2.70742	450	113	67	167	4	77650	67	2.71087	1215	405	133	915	3	77035	915	1331	444	200	915	3	77035	915	0			0			0	78450	85271	197.76													
Recording3	p03	18-25	female	Timeline1	Entire Recording	1	cake,cereal,date,fixation,ice-cream,instruction,pizza,thanks	high,low	picture	Picture			1085	121	67	167	9	70545	167	picture		2.85687	967	121	67	167	8	70545	167	2.87123	1419	284	119	517	5	70545	450	1552	310	167	533	5	70528	467	0			0			1		70995														
Recording3	p03	18-25	female	Timeline1	Entire Recording	1	cake,cereal,date,fixation,ice-cream,instruction,pizza,thanks	high,low	picture	Picture			2497	166	83	367	15	60402	174	picture		2.894	2217	171	83	367	13	60592	83	2.90641	2931	266	83	583	11	60402	507	3431	312	100	600	11	60402	507	0			0			1	65612	61795	374.86													
Recording3	p03	18-25	female	Timeline1	Entire Recording	1	cake,cereal,date,fixation,ice-cream,instruction,pizza,thanks	high,low	price	specifications			333	167	100	233	2	91627	100	picture		2.93823	333	167	100	233	2	91627	100	2.93823	383	383	383	383	1	91627	383	400	400	400	400	1	91610	400	0			0			0		92010														
Recording3	p03	18-25	female	Timeline1	Entire Recording	1	cake,cereal,date,fixation,ice-cream,instruction,pizza,thanks	high,low	price	specifications			0				0			picture			0				0				0				0			0				0			0			0			0																
Recording3	p03	18-25	female	Timeline1	Entire Recording	1	cake,cereal,date,fixation,ice-cream,instruction,pizza,thanks	high,low	price	specifications			0				0			picture			0				0				0				0			0				0			0			0			0																
Recording3	p03	18-25	female	Timeline1	Entire Recording	1	cake,cereal,date,fixation,ice-cream,instruction,pizza,thanks	high,low	price	specifications			0				0			picture			0				0				0				0			0				0			0			0			0																
Recording3	p03	18-25	female	Timeline1	Entire Recording	1	cake,cereal,date,fixation,ice-cream,instruction,pizza,thanks	high,low	price	specifications			83	83	83	83	1	64479	83	picture		2.77363	83	83	83	83	1	64479	83	2.77363	83	83	83	83	1	64479	83	100	100	100	100	1	64462	100	0			0			0		64562														
